Spotify ID,Artist IDs,Artist Name(s),Track Name,Album Name,Release Date,Duration (ms),Popularity,Added By,Added At,Genres,Danceability,Energy,Key,Loudness,Mode,Speechiness,Acousticness,Instrumentalness,Liveness,Valence,Tempo,Time Signature,
35m7m7g0ix5UJhbxseMGVA,6i6WlGzQtXtz7GcC5H5st5,10cc,I'm Not In Love,The Very Best Of 10 CC,1997-03-07,364826,0,spotify:user:1124177193,2014-06-25T22:02:21Z,"album rock,art rock,classic rock,glam rock,mellow gold,new romantic,soft rock,yacht rock",0.403,0.548,4,-14.427,1,0.0608,0.77,0.0011,0.356,0.209,134.072,4,
2lUoGpO16ZHBtIpk5jRU9P,6lhOaPhyccBJObghL2uzTU,4 M International,Space Operator - Vocal Mix,Space Operator,1982,265042,13,spotify:user:1124177193,2014-03-20T20:42:36Z,,0.838,0.553,5,-10.736,1,0.045,0.234,0.00236,0.157,0.701,102.938,4,
3PAkMA8SWUVfimSprzd36E,77EHTiQeGUXODuYDBMfnU4,6th Borough Project,Deep C,One Night in the Borough,2011,406066,5,spotify:user:1124177193,2023-05-20T17:41:01Z,"balearic,deep soul house,minimal tech house,nu disco",0.738,0.745,0,-10.687,1,0.0491,0.00213,0.751,0.33,0.483,94.009,4,
4GoSKOuH7FCBxVg8Udj7nY,77EHTiQeGUXODuYDBMfnU4,6th Borough Project,McLovin,If This Is House I Want My Money Back,2009-11-20,525453,0,spotify:user:1124177193,2018-05-29T21:57:58Z,"balearic,deep soul house,minimal tech house,nu disco",0.782,0.814,5,-7.94,1,0.048,0.00222,0.862,0.0929,0.503,96.981,4,
5snPnkYZ3db6DqnurypvNi,77EHTiQeGUXODuYDBMfnU4,6th Borough Project,Do It to the Max,Optimo : The Underground Sound of Glasgow (Mixed By Jd Twitch),2013-05-13,386867,0,spotify:user:1124177193,2018-05-29T21:50:40Z,"balearic,deep soul house,minimal tech house,nu disco",0.82,0.364,0,-8.912,0,0.0438,0.00614,0.809,0.152,0.364,98.009,4,
2kwKMOkm65D1ZP5GFGm1MF,1TV0WTE9ukywcLGMh4j4iU,A Guy Called Gerald,Voodoo Ray - HAC09 Manray Edit,The Haçienda - Acid House Classics,2009-11-02,449160,0,spotify:user:1124177193,2014-03-09T17:26:50Z,"acid house,atmospheric dnb,classic house,madchester,techno",0.648,0.725,2,-11.792,1,0.0518,0.00866,0.473,0.0706,0.702,119.364,4,
4BcrqUlKh0ez4XJBocmbrN,2E5qkkHVrV1Ky3l4aLBUAd,A Number Of Names,Shari Vari - Original Mix,Shari Vari Remixes Double Ep.,2000-01-01,337130,26,spotify:user:1124177193,2018-06-01T22:41:59Z,"detroit techno,proto-techno",0.782,0.504,0,-10.977,1,0.123,0.0117,0.0596,0.225,0.455,127.674,4,
4AjKVyNUMdUveKK5OH1OJD,5zWjD9ZjC2Lo0BB1M9gSC4,Ace,How Long,Five-A-Side,1974-01-01,204226,3,spotify:user:1124177193,2022-10-25T10:56:55Z,,0.717,0.406,0,-13.954,0,0.0305,0.587,0.103,0.0869,0.703,123.213,4,
7ogUgDwqHFSWhRK9OT1Nzm,62olK5zZHSgFUXGDykgBL8,Ace Frehley,New York Groove,Ace Frehley (Remastered Version),1978-01-01,183693,0,spotify:user:1124177193,2018-05-26T16:14:07Z,"glam metal,hard rock",0.827,0.606,4,-8.466,1,0.128,0.643,0.000102,0.105,0.892,95.082,4,
4tQTYbBABd26AYnMbweyIP,"3DxtKajg4nhMlf0qBES7sz,4X1STxfD2HlEZOCqkp3Wla","Adonis,Charles B.",Lack of Love (Radio Mix),Lack of Love (Radio Mix),2011-02-12,268023,24,spotify:user:1124177193,2022-10-24T20:27:40Z,"chicago house,classic house,acid house",0.652,0.875,2,-7.02,0,0.0363,0.00155,0.0311,0.0427,0.689,122.337,4,
05JZ5FjuflMEY9uq5ogBYF,1yq9UuPp5DIb5w6eswGbKV,Adriano Celentano,Prisencolinensinainciusol,Super Best,1992,229067,0,spotify:user:1124177193,2015-11-16T19:12:52Z,"classic italian pop,italian adult pop",0.787,0.638,8,-12.127,1,0.0673,0.332,0.0000118,0.181,0.4,107.488,4,
2i07EQCdMR3z5U1uRt9ysJ,2jh27vMWRDaPgtwvluMomC,ADULT.,Hand to Phone,New Phonies,2000-01-01,337373,18,spotify:user:1124177193,2022-10-25T10:51:42Z,"detroit indie,electroclash,grave wave",0.804,0.867,6,-5.955,1,0.0734,0.00119,0.495,0.0536,0.948,138.019,4,
5bJEBITRpKJxAQ7x1Q3k3L,7fUtt9kVZOyn9LWy0JbDRI,Agnetha Fältskog,The Heat Is On,Wrap Your Arms Around Me,1983-01-01,235293,32,spotify:user:1124177193,2022-09-07T18:05:23Z,,0.62,0.684,0,-14.746,1,0.0474,0.201,0.0243,0.0967,0.927,80.151,4,
2Bk2Oaz7u7F6yWsSyG8G1b,"7oAY9XKP6pjl3hIjvuoRCm,0xDT2bQJYfy8CYs8JlmH3B","Aidan Noell,Nancy Whang",Sharevari,Sharevari,2022-08-19,351306,27,spotify:user:1124177193,2022-10-24T15:05:08Z,etherpop,0.696,0.742,0,-8.188,1,0.0422,0.0292,0.871,0.0658,0.882,127,4,
6mtRM1h5Mw3huoFhTvigAj,4xJbCqwNfYlbl8v026L24T,Alan Hawkshaw,Chicken Man,Themes: Soundtrack to The '70s,2006-06-01,121746,1,spotify:user:1124177193,2019-08-10T12:56:08Z,library music,0.808,0.484,7,-12.543,1,0.036,0.664,0.808,0.0683,0.824,92.835,4,
0Xv5g8rqj1EWHe61Ql1B0r,752RKtywyYpxAlr7MrCAmF,Alf Emil Eik,To You,Joy & Breath Of Eternity,2017-05-01,254610,0,spotify:user:1124177193,2019-08-23T17:09:25Z,,0.444,0.363,2,-16.279,1,0.0257,0.0285,0.847,0.148,0.202,81.274,4,
1YU5ACypOY7PkH0qpXHCcL,0oKYiTD5CdNbrofRvM1dIr,Alice Coltrane,A Love Supreme,Huntington Ashram Monastery / World Galaxy,2011-01-01,602373,0,spotify:user:1124177193,2014-03-13T00:17:43Z,"afrofuturism,avant-garde jazz,free jazz,jazz harp,spiritual jazz",0.31,0.479,11,-13.707,1,0.0364,0.153,0.637,0.159,0.237,108.699,4,
1FB7vHdUTfaBTQe6jNHRAa,7v4FV3DzSUOvaZyMwTxKIG,Alicia Myers,I Want To Thank You,The Best Soul & Funk Collection: Extra,2010-01-01,226813,17,spotify:user:1124177193,2018-05-27T09:16:00Z,post-disco,0.727,0.673,11,-5.766,0,0.0541,0.0496,0.000138,0.107,0.741,111.747,4,
5rmYZmqU4q5t9s0mbOsAOr,2xprJuO9NOXzoLQXlED6oT,Anatolian Weapons,Black Sea,Black Sea,2018-06-15,510644,9,spotify:user:1124177193,2023-05-20T18:44:47Z,greek psychedelic rock,0.62,0.542,6,-9.427,0,0.0557,0.0002,0.915,0.0961,0.289,187.987,4,
409z4jUHpq7eIkg3N3FzZh,6kBDZFXuLrZgHnvmPu9NsG,Aphex Twin,Windowlicker,Windowlicker,1999-03-22,365640,53,spotify:user:1124177193,2023-10-13T01:36:41Z,"ambient,braindance,electronica,intelligent dance music,uk experimental electronic",0.696,0.775,10,-5.097,0,0.142,0.132,0.00879,0.37,0.474,123.023,4,
1gcKegWgQHsrqE6uK8rOpx,2rdsSi61RnxDxubs7YiiIJ,Arbeid Adelt!,Death Disco,Jonge Helden + Le Chagrin En Quatre-Vingts + Extras,2004-12-13,157293,19,spotify:user:1124177193,2023-10-26T08:08:57Z,"belgian new wave,belgian rock",0.587,0.789,7,-7.96,1,0.0338,0.0000152,0.769,0.103,0.199,109.821,4,
3RCRJZwRMFvuyZjKkLfxnp,3kjuyTCjPG1WMFCiyc5IuB,Arcade Fire,No Cars Go,Neon Bible,2007,343626,0,spotify:user:1124177193,2016-05-01T18:21:27Z,"alternative rock,baroque pop,canadian indie,canadian indie rock,chamber pop,indie rock,indietronica,modern rock,permanent wave,quebec indie,rock",0.305,0.773,1,-6.922,1,0.0369,0.000664,0.251,0.121,0.275,135.744,4,
1a2ZyhxqFoQODjbphFay0A,5tve13pthTsoxEb2FQzxIc,Arpadys,Monkey Star,Arpadys,2007-11-12,397906,11,spotify:user:1124177193,2018-06-01T19:11:11Z,vintage french electronic,0.639,0.922,7,-7.866,1,0.0665,0.0328,0.436,0.397,0.687,126.456,4,
4CKa7ge5LoAsbcjaUkbK2N,"79TxMUDeUVlZuxN7FCafTz,2914JagOufmP5BY9qLDxtF","Arto / Neto,Arto Lindsay","Pini, Pini - The Barking Dog Edit",Ze Sound of NYC,2010-01-01,363115,5,spotify:user:1124177193,2014-06-25T22:38:29Z,no wave,0.835,0.669,11,-10.143,0,0.0465,0.055,0.000172,0.0394,0.218,119.007,4,
4FNYgyjCjbzEUoGh2TvIa0,0zRfSoVzQ7hRt9y3yUFoqw,ASA MOTO,Kifesh,Playtime,2018-06-29,276263,0,spotify:user:1124177193,2019-08-10T12:10:26Z,dark disco,0.776,0.885,5,-7.678,0,0.0422,0.106,0.811,0.101,0.789,105.997,4,
45yIAsH6VrMc6lop36Dy7b,1DqpAdUZXDlOEUHdiawMJF,Atmosfear,Dancing In Outer Space (Lunar Mix Part 1 By Masters At Work),Spaced Out + Mixed In Outer Space,1997,513927,0,spotify:user:1124177193,2015-09-12T16:23:17Z,"brit funk,german metal",0.669,0.957,7,-9.48,1,0.0476,0.0000921,0.553,0.15,0.89,126.941,4,
6xatrIid0fqdmXFUFTe0Um,6Ix7Hx8Af0jg9X4OfD9sYR,Atomic Rooster,Play It Again,The First 10 Explosive Years,1999-01-01,191533,7,spotify:user:1124177193,2023-10-21T17:07:02Z,"british blues,progressive rock,proto-metal",0.557,0.602,5,-8.857,1,0.0439,0.088,0.000217,0.0679,0.358,120.397,4,
41VTUhmcUTodxgER5GmitP,46OBbimbSKPAaVyk24Hx1y,Axium Waves,Dynamic,Dynamic,2021-08-11,272092,0,spotify:user:1124177193,2022-10-24T20:14:00Z,chillsynth,0.601,0.395,10,-14.496,0,0.0341,0.216,0.949,0.113,0.187,95.752,4,
6dYlVe0yAr8LrdNTJE2hCN,3NpMhRPxH2KuankEDD51wV,B.T. (Brenda Taylor),You Can't Have Your Cake and Eat It Too - Vocal,You Cant Have Your Cake and Eat It Too,2011,363320,0,spotify:user:1124177193,2018-06-01T19:11:51Z,"post-disco,post-disco soul",0.779,0.652,4,-7.017,0,0.0928,0.559,0.000085,0.0691,0.79,111.341,4,
2m77Y7RxnuQq6hQwfBFPvw,57nTf3F69KS7AuiAaw2h6f,B.W.H.,Stop,Livin' Up,2016-10-26,402768,27,spotify:user:1124177193,2023-05-01T19:24:02Z,italo disco,0.681,0.736,10,-14.483,0,0.0424,0.0588,0.602,0.0974,0.987,107.393,4,
6HO7KFLTo9hp6ytGV13fbT,1rYu7qKnEHQxB9xlxwLpZY,Bagagee Viphex13,Lambda,Lambda,2018-02-07,352000,1,spotify:user:1124177193,2023-05-01T19:06:35Z,korean electronic,0.351,0.483,4,-9.85,0,0.0407,0.476,0.874,0.0837,0.091,150.039,4,
4bndkI1TTh7itdsyixtDoD,5xnMjuPp1eDXa8du0SKIHD,Barbatuques,Baianá,O Seguinte é Esse,2005-01-01,279680,66,spotify:user:1124177193,2019-08-10T11:27:49Z,"brazilian percussion,nova musica paulista",0.725,0.573,10,-12.071,0,0.378,0.496,0.0121,0.176,0.601,94.626,4,
2E9PioDe4NL5tq53XUQp4z,"5xnMjuPp1eDXa8du0SKIHD,49T7EfZ7lAP3FdCWGejiul","Barbatuques,Wolf Mueller",Baianá (Brasingles Vol. 2) - Wolf Mueller's Drum Drop,Baianá (Brasingles Vol. 2) [Wolf Mueller's Drum Drop],2018-06-29,298944,0,spotify:user:1124177193,2022-10-24T14:27:25Z,"brazilian percussion,nova musica paulista",0.735,0.783,10,-8.051,0,0.0813,0.0201,0.0767,0.0667,0.481,94.994,4,
1hJ5KciSY8UHD3s0t5d6Ya,3eVuump9qyK0YCQQo4mKbc,Barış Manço,Sarı Çizmeli Mehmet Ağa,Sarı Çizmeli Mehmet Ağa,1993,267838,46,spotify:user:1124177193,2023-05-01T19:16:45Z,"anadolu rock,turkish instrumental,turkish psych,turkish rock",0.695,0.634,11,-8.353,0,0.0396,0.76,0.00000111,0.334,0.724,91.79,4,
2qFXDV55LEUma6XiDBaIGt,56Cee1F1JPF9bVEmg2yvcn,Barrabas,Mellow Blow,Barrabas. Sus Primeras Grabaciones (1972-1975) [Remastered],2005,247653,12,spotify:user:1124177193,2023-05-17T14:19:38Z,rare groove,0.696,0.487,4,-16.243,1,0.0394,0.0261,0.9,0.676,0.682,103.377,4,
3Xiy9YEIbVVB6o8flHneHL,3rfgbfpPSfXY40lzRK7Syt,Barry White,Love Serenade - Pt. II,Just Another Way To Say I Love You,1975-03-25,186306,16,spotify:user:1124177193,2024-03-19T09:53:50Z,"disco,quiet storm,soul",0.831,0.216,1,-15.132,0,0.137,0.249,0.805,0.0656,0.673,73.885,4,
4iP7TSmSjGnqboTj69aYc2,3rfgbfpPSfXY40lzRK7Syt,Barry White,Welcome Aboard,Unlimited,2009-01-01,386173,0,spotify:user:1124177193,2018-06-01T19:12:13Z,"disco,quiet storm,soul",0.968,0.552,11,-10.516,1,0.0545,0.0287,0.784,0.0652,0.969,119.368,4,
5xng3ovTkowmMBBkOyBmEK,0EgHhNmWcjusA7F2heSD0O,Baxter Dury,Miami - Parrot and Cocker Too Remix,Miami (Parrot and Cocker Too Remix),2017-10-11,529696,20,spotify:user:1124177193,2022-10-24T14:48:12Z,"chamber psych,electrofox",0.715,0.603,11,-11.011,0,0.0528,0.00988,0.569,0.0553,0.559,110.006,4,
5BKhhCIzzHTECJ4bOGu1dz,"0EgHhNmWcjusA7F2heSD0O,0xJuAKhVgEfuiEXjyLEuC6","Baxter Dury,Dennis Bovell",Miami - Dennis Bovell Dub,Miami (Dennis Bovell Dub),2018-01-29,273878,0,spotify:user:1124177193,2018-05-27T23:12:04Z,"chamber psych,electrofox,dub,library music,roots reggae,uk dub,uk reggae",0.744,0.9,7,-7.277,1,0.0415,0.000616,0.794,0.18,0.96,110,4,
2SqBWFAcEOcJG4xWgZh1q1,03r4iKL2g2442PT9n2UKsx,Beastie Boys,Stand Together,Check Your Head,1992-04-21,167426,0,spotify:user:1124177193,2015-10-06T21:55:27Z,"alternative rock,east coast hip hop,golden age hip hop,hip hop,old school hip hop,rap,rap rock,rock",0.659,0.911,4,-8.087,0,0.081,0.162,0.667,0.0693,0.461,104.951,4,
2egaUALV7H8XFfPI8EZDsr,6C5gMdsVmZHJG6yJuC68sp,Beats International,Dub Be Good To Me,Let Them Eat Bingo,1990-04-12,217426,47,spotify:user:1124177193,2022-10-25T10:47:58Z,hip house,0.861,0.272,7,-20.26,1,0.0586,0.00187,0.0473,0.188,0.659,95.879,4,
4a5Fj8qMA6XnDzzW36YywO,1LZEQNv7sE11VDY3SdxQeN,Bee Gees,Nights on Broadway - 2009 Remastered Version,The Ultimate Bee Gees,2009-11-02,273493,0,spotify:user:1124177193,2018-05-29T22:09:23Z,"disco,mellow gold,soft rock",0.55,0.812,5,-4.176,1,0.0416,0.255,0.00267,0.432,0.58,88.682,4,
4JjcCdm0RSPuvQWnZyrNkm,1LZEQNv7sE11VDY3SdxQeN,Bee Gees,Nights On Broadway,Main Course,1975-06-01,271373,54,spotify:user:1124177193,2022-10-24T20:14:00Z,"disco,mellow gold,soft rock",0.573,0.641,5,-9.196,1,0.0443,0.235,0.00414,0.859,0.613,88.862,4,
2xiOdusRnZezQok1RgLNeS,1LZEQNv7sE11VDY3SdxQeN,Bee Gees,You Should Be Dancing,Children Of The World,1976-01-01,256493,68,spotify:user:1124177193,2019-08-13T05:24:08Z,"disco,mellow gold,soft rock",0.682,0.716,0,-10.911,1,0.0333,0.0182,0.168,0.337,0.963,123.011,4,
73V1mhbDb7K0lqlHB82iN5,1LZEQNv7sE11VDY3SdxQeN,Bee Gees,Love You Inside Out,Spirits Having Flown,1979-02-05,251333,58,spotify:user:1124177193,2022-10-24T12:01:35Z,"disco,mellow gold,soft rock",0.706,0.516,11,-11.037,0,0.0474,0.354,0.00000419,0.205,0.833,94.713,4,
7wTslfRFepnLp9wrJt7bZr,659Qn4ZTVZjnSBm6a6IniX,BEGIN,Day Pulse - Original Mix,Begin,2018-05-04,317342,0,spotify:user:1124177193,2022-10-24T14:27:39Z,"j-pop,japanese blues,okinawan pop,ryukyu ongaku",0.717,0.651,7,-11.607,1,0.0415,0.0161,0.821,0.0942,0.827,93.009,4,
2zVJlLaQeUtY0nZ6aoAgBt,5l9r9EVvZCRp1U7XvWAYNl,Belezamusica,U Got Me Spinning - Original Mix,U Got Me Spinning,2005-05-01,346853,2,spotify:user:1124177193,2018-05-29T21:56:45Z,,0.745,0.796,8,-5.758,1,0.0504,0.0177,0.00000898,0.0478,0.861,128.543,4,
5jeoXAETeRTOE9atljfjvl,6CXBD8Tqv1junQY1tJj053,Bella Vista,Mister Wong,Mister Wong,2019-07-19,278628,4,spotify:user:1124177193,2024-03-18T21:21:14Z,,0.646,0.863,1,-7.117,0,0.0421,0.00906,0.00354,0.341,0.923,95.476,4,
50LWxsJuSdi3lcL0wbqynB,25jjhUqOXa1uSlQOqfgsHW,Bepu N'Gali,I Travel To You - Original,I Travel To You,2012-07-02,474006,13,spotify:user:1124177193,2014-06-25T22:37:25Z,,0.629,0.899,1,-9.57,1,0.0362,0.0201,0.851,0.127,0.945,115.999,4,
57LHHYTSEQNHAq08LigQAO,0e7Ob4ptIsgfWga7FwP5et,Bertrand Renaudin,Gala Gadoue Gadoue Gaie,Ex-Voto,2011-04-12,51346,0,spotify:user:1124177193,2015-05-20T20:20:12Z,,0.698,0.905,7,-11.855,0,0.0558,0.0131,0.74,0.113,0.377,113.832,4,
,,Bibi Mascel,Special Lady,Special Lady,,290000,0,spotify:user:1124177193,2022-08-31T00:12:41Z,,,,,,,,,,,,,,
3sZWElZF8D6bjRw4ODtfB7,4pmzW943F5tH1iRHw5gSS4,Bilgeri,Video Life,Down To The Sea And Back: The Continuing Journey Of The Balearic Beat. Volume 1.,2010-06-28,354666,18,spotify:user:1124177193,2022-09-07T18:19:07Z,austropop,0.878,0.461,2,-12.411,0,0.0575,0.0311,0.0134,0.0764,0.915,97.562,4,
0lqEFZvIB7YAc3B2Wdjldg,2RcvmCViumRYdDso9zifzN,Bill Nelson,Hope For A Heartbeat,The Love That Whirls,1982,233800,0,spotify:user:1124177193,2018-05-26T15:58:46Z,"uk post-punk,zolo",0.627,0.686,1,-9.914,1,0.0576,0.35,0.000124,0.669,0.941,168.508,4,
7dBuiHHZ92whDlTUAlP4wx,1ThoqLcyIYvZn7iWbj8fsj,Bill Withers,Harlem,Lovely Day: The Best Of Bill Withers,2009-10-08,200173,0,spotify:user:1124177193,2014-03-10T00:06:42Z,"classic soul,funk,quiet storm,soul",0.775,0.534,7,-8.682,1,0.0399,0.0939,0,0.531,0.749,113.798,4,
0ftZ5CjzOWGDa7h0zQP6Z9,1ThoqLcyIYvZn7iWbj8fsj,Bill Withers,You Got the Stuff,Bout Love,1978-01-01,434800,35,spotify:user:1124177193,2024-03-18T21:13:13Z,"classic soul,funk,quiet storm,soul",0.903,0.673,2,-7.831,1,0.0367,0.0615,0.659,0.0462,0.779,103.052,4,
15nATBmRPwHT029HvO9Dyz,5TKEKLhk0wTKM5m61BtKQC,Bill Wyman,(Si Si) Je Suis Un Rock Star,Compendium Complete Solo Recordings,2001-09-11,359506,0,spotify:user:1124177193,2014-03-12T23:13:04Z,,0.783,0.581,2,-9.827,1,0.0675,0.206,0.0458,0.0879,0.892,116.955,4,
5Tl2bFJXIhWPZowRaLRTge,7lzordPuZEXxwt9aoVZYmG,Billy Idol,Flesh For Fantasy - Remastered 1999,Greatest Hits,2001-01-01,277533,38,spotify:user:1124177193,2022-10-24T20:14:00Z,"album rock,classic rock,dance rock,hard rock,new romantic,new wave,new wave pop,rock,soft rock",0.671,0.523,6,-12.153,0,0.0892,0.0611,0.00225,0.0912,0.473,94.744,4,
0ynmh87cJ8HvBWFOooBrz6,6nNkKMkPl1qBCEW3Al9eVV,Billy Swan,Don't Be Cruel,I Can Help,1974-08-01,251920,48,spotify:user:1124177193,2023-04-19T19:56:13Z,swamp pop,0.612,0.309,4,-12.312,1,0.0374,0.689,0.00342,0.0991,0.312,118.129,4,
3lB1M3abJGHqmSwIvzvwxV,"3Z9CEp0IsUv1jU59GKOXaj,1HlTzbYuIjz8LwubBH0NdO","Bjarne Rostvold,Perry Knudsen",Magonde,Copenhagen Dancefloor Classics II,2013-09-19,197186,0,spotify:user:1124177193,2023-05-20T19:30:44Z,,0.483,0.845,8,-12.578,0,0.174,0.0237,0.942,0.0361,0.335,194.934,4,
6Kz3o55LxMA11GbvFXHFtX,7w29UYBi0qsHi5RTcv3lmA,Björk,Human Behaviour,Debut,1993-07-05,252360,12,spotify:user:1124177193,2022-09-07T18:16:31Z,"alternative rock,art pop,electronica,experimental pop,experimental vocal,icelandic experimental,icelandic pop,icelandic singer-songwriter,metropopolis,permanent wave,trip hop",0.687,0.635,2,-14.667,1,0.0365,0.0443,0.0252,0.0963,0.546,109.448,4,
4BLJNhbgLNFW0Y1mcNOL0t,"2lVPicgpjjlbROFIzwGm8V,3KDpcZPHxvsaVk5PReoGqh,0kV0e99xlTJcLKSu8KrLyp,479Yp6DvyXoIaCssAxB4QR","Björn Ulvaeus,Tim Rice,Benny Andersson,Murray Head",One Night In Bangkok - Single Version,Broadway's Greatest Leading Men,2000-01-01,196533,0,spotify:user:1124177193,2018-05-29T21:58:41Z,"classic swedish pop,neo-classical,new wave pop",0.956,0.501,2,-8.084,0,0.101,0.147,0.000761,0.0699,0.868,108.729,4,
0xUDJeRXw254cO8HXWHSqG,6R3NuYuWL1F5O2591kZUs5,Black Meteoric Star,Freaks Only,Disco,2020,553840,6,spotify:user:1124177193,2022-10-24T14:22:39Z,,0.483,0.607,4,-4.28,0,0.0447,0.139,0.00544,0.157,0.303,91.752,4,
7wqF3BU0ykeKch6BcNqGiT,5M52tdBnJaKSvOpJGz8mfZ,Black Sabbath,Planet Caravan,Paranoid (2009 Remastered Version),1970-09-18,269533,1,spotify:user:1124177193,2018-05-26T16:03:04Z,"album rock,alternative metal,birmingham metal,classic rock,hard rock,metal,rock,stoner rock,uk doom metal",0.417,0.0889,2,-24.661,1,0.036,0.926,0.897,0.083,0.411,88.25,4,
7yvlW4mcaYIOAtFzQdRBXg,73rM5OiSo4sCtwjYBjvAnu,Black Soul,Mangous Ye,Sounds of Afrique,2015-06-09,273476,0,spotify:user:1124177193,2018-05-29T22:08:49Z,,0.685,0.659,2,-12.741,1,0.0521,0.0216,0.000539,0.0981,0.688,130.584,4,
3FwgtKRqnOyZuU04K0iZIb,"7aE04b60e08fzNkf02uIKX,1CbopBMbfM0ned5OAsTkv4","Black Soul,Superfunk",Ahoë - Mangous Yé tribal Remix,Electro On the Dancefloor,2009-07-06,370840,1,spotify:user:1124177193,2014-06-25T22:39:14Z,filter house,0.729,0.98,11,-5.056,0,0.222,0.16,0.0192,0.0728,0.648,130.012,4,
5jlielw9DGgIj2uO5Ya6a5,"5yK5YSsWKH35QRTsHQHxEN,17dbJyUCrxh4I7iyUrjaHU","Blaze,Carl Craig",Lovelee Dae - Carl Craig's 70 Degrees and Sunny Mix,Lovelee Dae,2018-07-20,692044,4,spotify:user:1124177193,2022-10-24T20:49:27Z,"deep house,diva house,garage house,soulful house,detroit techno,minimal techno,outsider house,techno",0.76,0.719,10,-8.942,0,0.0753,0.101,0.305,0.123,0.394,124.972,4,
3Rlyvw44flKsULBrVTId5p,"6KPYPOoUBl4yy6Ccjltz03,4LR0N4hKdaCAB2WAYZnH8v","Blue Jazz TV,Billy G Robinson",Chiba Girl,Chiba Girl,2017-03-09,965454,2,spotify:user:1124177193,2023-05-20T18:03:45Z,,0.656,0.474,4,-13.675,0,0.0482,0.0187,0.0206,0.312,0.714,92.047,4,
6Ac4NVYYl2U73QiTt11ZKd,"0UpuH5U4nZ3UGGUJi0Zfbp,1Ek3VdZ8EPmcvgRIqnHlrF","Blue Swede,Björn Skifs",Hooked On A Feeling,Hooked On A Feeling,1973-04-01,172866,73,spotify:user:1124177193,2016-05-01T18:21:01Z,classic swedish pop,0.547,0.82,8,-6.728,1,0.0805,0.261,0,0.3,0.933,118.208,4,
6aLJ9KG3iQ0hgBcUyANvI2,6LHsnRBUYhFyt01PdKXAF5,Bob Moses,Before I Fall,Days Gone By,2015-09-18,239373,38,spotify:user:1124177193,2018-05-29T21:59:33Z,"canadian electronic,canadian house",0.538,0.582,9,-6.723,0,0.0396,0.163,0.0000264,0.111,0.405,86.001,4,
1JgHVj6Am0zSxghUCZ0fb8,6LHsnRBUYhFyt01PdKXAF5,Bob Moses,Too Much Is Never Enough,Days Gone By,2015-09-18,325373,35,spotify:user:1124177193,2018-05-29T21:59:45Z,"canadian electronic,canadian house",0.624,0.595,10,-9.378,1,0.0518,0.00222,0.0802,0.106,0.277,114.024,4,
2qp43NaUq07PlLWLjbsmw5,"5teGcskDKvg00p3ad2NQOD,6Pr4YRSKHVDPr6WpwivIRY","Bob Moses,Billy Martin",NaNa? NoNo. NeNe!,Drumming Birds (East Side),2008-08-01,407733,1,spotify:user:1124177193,2019-08-10T12:35:39Z,video game music,0.837,0.585,11,-16.154,0,0.0785,0.0296,0.913,0.104,0.747,82.08,4,
6flEGuFF6PS4QVc9YShXvW,7LdFlcnzWpySPKngmFCnLi,Bobby Rush,I Wanna Do the Do - 12 Version,"Philadelphia International Records: The 12 Mixes, Volume 1",2021-06-18,392883,5,spotify:user:1124177193,2022-10-24T20:14:00Z,"soul blues,southern soul",0.808,0.719,9,-8.266,1,0.0802,0.252,0.00483,0.226,0.832,109.731,4,
6M8RDIDB7xXomsEJ2eGGlo,3opvWF0Koer2VPIJVOqnU6,Bohannon,Let's Start The Dance,Disco Fever,2010-01-01,351613,0,spotify:user:1124177193,2014-03-21T00:14:17Z,"deep disco,disco,post-disco",0.817,0.961,10,-5.824,0,0.0502,0.00212,0.0986,0.0762,0.741,118.257,4,
4gmJjjVWv9rfK4Nl8wDNVR,54R6Y0I7jGUCveDTtI21nb,Boney M.,Nightflight to Venus,Nightflight to Venus,1978,287240,36,spotify:user:1124177193,2024-03-18T21:30:03Z,europop,0.631,0.946,1,-7.738,0,0.0572,0.00324,0.713,0.144,0.814,123.373,4,
2lJ4d8MCT6ZlDRHKJ1br14,0cmWgDlu9CwTgxPhf403hb,Bonobo,Cirrus,The North Borders,2013-03-21,352246,59,spotify:user:1124177193,2018-05-29T22:14:19Z,"downtempo,electronica,indietronica,instrumental hip hop,jazztronica,nu jazz,trip hop",0.64,0.844,2,-8.412,0,0.0374,0.395,0.933,0.0827,0.364,119.042,4,
49l7iNLolDS07P2reZHtp0,03SvzoU6aI5DkZkUrTMzYH,Boyboy,Boy,Boy,2016-03-03,208043,10,spotify:user:1124177193,2018-05-29T22:01:11Z,indietronica,0.702,0.6,5,-5.366,0,0.048,0.343,0,0.282,0.675,91.946,4,
1taGd33MGAUJEXmXwiFJbg,2O8VlquQPITO4tT3SWs95W,Brenda Russell,Way Back When,Greatest Hits (Reissue),1992-01-01,265226,0,spotify:user:1124177193,2014-03-13T00:17:10Z,smooth jazz,0.77,0.448,3,-13.99,1,0.0427,0.0826,0.00144,0.558,0.9,118.541,4,
5NmIlA4EWshYKtL9w9JM15,"7MSUfLeTdDEoZiJPDSBXgi,20vuBdFblWUo2FCOvUzusB","Brian Eno,David Byrne",Regiment - 2006 Digital Remaster,My Life In The Bush Of Ghosts,1981-02-01,251373,25,spotify:user:1124177193,2015-09-12T22:55:11Z,"ambient,art pop,art rock,compositional ambient,experimental,experimental ambient,experimental pop,fourth world,glam rock,minimalism,singer-songwriter,art punk,permanent wave,solo wave",0.612,0.754,0,-8.894,1,0.0381,0.111,0.566,0.234,0.896,95.189,4,
2BJ8IEMIsMsOOWvvegHYNO,"7MSUfLeTdDEoZiJPDSBXgi,20vuBdFblWUo2FCOvUzusB","Brian Eno,David Byrne",Regiment,My Life In The Bush Of Ghosts,1981-02-01,237573,23,spotify:user:1124177193,2022-09-07T18:11:47Z,"ambient,art pop,art rock,compositional ambient,experimental,experimental ambient,experimental pop,fourth world,glam rock,minimalism,singer-songwriter,art punk,permanent wave,solo wave",0.614,0.628,0,-14.138,1,0.0326,0.0341,0.137,0.179,0.894,94.845,4,
5KjF9MTmHMFaSbKm4lC8cP,62vRPmO2KknlG5VCefR1D3,Bruce Haack,Party Machine,Farad: The Electric Voice,2010-10-19,518306,6,spotify:user:1124177193,2024-03-18T21:09:24Z,"canadian psychedelic,hauntology,moog,zolo",0.863,0.803,11,-6.914,0,0.162,0.298,0.685,0.119,0.639,109.392,4,
4a8RtpHANVoXE9LQc7mkKw,6vcPgFOkMWBoY6Ks6eMEWj,Bullion,It's No Spirit,Loop the Loop,2016-02-26,200002,6,spotify:user:1124177193,2023-05-17T14:22:18Z,wonky,0.674,0.718,4,-10.325,0,0.057,0.531,0.929,0.158,0.207,108.751,4,
4WWbuG0LyzSf2DAuhEKOYp,6oXbL5ZH9R1sTK3mfbWPqB,Bunnydrums,Too Much Time,PKD,2011-08-23,378853,4,spotify:user:1124177193,2014-03-12T22:58:25Z,,0.683,0.245,9,-13.676,0,0.0316,0.000938,0.0225,0.0881,0.709,88.234,4,
7otf12LkWCB2mTZhZvMHTb,4l8xPGtl6DHR2uvunqrl8r,CAN,I'm So Green,Ege Bamyasi (Remastered),1972,186200,0,spotify:user:1124177193,2018-05-27T09:07:30Z,"experimental,experimental rock,krautrock,neo-psychedelic,no wave,noise pop,post-punk,space rock,uk post-punk",0.596,0.723,1,-8.212,1,0.0385,0.0967,0.0752,0.111,0.847,111.269,4,
4SeOSrVvAyr7Ebgzd666hM,4l8xPGtl6DHR2uvunqrl8r,CAN,Moonshake,Future Days (Remastered),1973-01-01,184200,39,spotify:user:1124177193,2022-08-31T00:13:11Z,"experimental,experimental rock,krautrock,neo-psychedelic,no wave,noise pop,post-punk,space rock,uk post-punk",0.797,0.636,9,-13.832,1,0.0425,0.0819,0.833,0.121,0.875,146.155,4,
4E79Q9ljBF895zpQoLdxAl,6PyAzOON3Toc5MPZrZMA5i,Candido,Thousand Finger Man,Dancin' & Prancin',1979-01-01,546440,0,spotify:user:1124177193,2022-10-24T20:58:07Z,"cuban funk,disco",0.753,0.872,7,-10.648,0,0.0556,0.0195,0.226,0.0721,0.597,122.081,4,
4H9f3Oye4Qv3tw40FufclN,2k8kY9zHUWxuTtwV4UutHw,Captain Beefheart & His Magic Band,Tropical Hot Dog Night,Shiny Beast (Bat Chain Puller),1978,288533,22,spotify:user:1124177193,2018-05-29T22:03:44Z,"experimental,experimental rock,outsider,protopunk,psychedelic rock,singer-songwriter,zolo",0.597,0.732,7,-12.104,1,0.104,0.651,0.00592,0.533,0.85,100.35,4,
6xAzWe1EUWH72o6xpFlJn5,"17dbJyUCrxh4I7iyUrjaHU,3ruvqoFCe6gjLsH752F2c7","Carl Craig,Tres Demented",Demented (Or Just Crazy),20 Fucking Years Of Planet E: We Ain't Dead Yet,2011-02-22,485017,1,spotify:user:1124177193,2023-04-24T20:22:21Z,"detroit techno,minimal techno,outsider house,techno",0.465,0.978,10,-7.007,0,0.0961,0.00346,0.722,0.23,0.271,128.014,4,
3hI05NM8JnJvQLZMUnRvMa,4FtSnMlCVxCswABUmdhwpm,Carly Simon,Why - 12 Version,Soup for One (Original Motion Picture Soundtrack),1982-01-01,493989,35,spotify:user:1124177193,2019-08-23T17:09:25Z,"classic rock,folk,folk rock,mellow gold,singer-songwriter,soft rock",0.676,0.861,4,-8.991,0,0.0537,0.00576,0.00916,0.02,0.706,92.361,4,
1LZI0SjCMd5erpdJgpfUqF,3g1s283PgjYTrRbtSkFCyG,Casino Music,The Beat Goes On,Jungle Love Redux,2011-01-01,233397,7,spotify:user:1124177193,2022-09-07T18:09:07Z,"early synthpop,french post-punk,french synthpop",0.628,0.872,5,-8.45,1,0.0701,0.0000782,0.446,0.0279,0.855,173.919,4,
,,Cats 'n' Jammer Kids,Disco Drum,,,226000,0,spotify:user:1124177193,2016-05-01T18:38:06Z,,,,,,,,,,,,,,
2Ysvsm316mzo7Cdw0WRqcU,2qmlt0EHR7NZjw95FKuslm,Cha Cha Guitri,Non non non,French Synth Wave (St Etienne 1981),2014-06-26,186173,14,spotify:user:1124177193,2024-03-24T22:53:37Z,vintage french electronic,0.86,0.593,0,-6.547,1,0.0495,0.722,0,0.109,0.444,133.456,4,
6IMXoJLtnfuHhIWNOVU0KS,6mQfAAqZGBzIfrmlZCeaYT,Chaka Khan,I Feel for You,The Studio Album Collection: 1978 - 1992,2013-07-17,343400,18,spotify:user:1124177193,2015-08-19T22:04:18Z,"disco,funk,neo soul,quiet storm,soul",0.698,0.912,11,-8.993,1,0.0675,0.0145,0.0225,0.279,0.797,124.917,4,
7iGFrmlz01DqvrP1sSFpIc,5xQiWBPNCV6JnnC7emnEnn,Charanjit Singh,Raga Bhairav,Synthesizing - Ten Ragas To A Disco Beat,2010-03-08,296874,0,spotify:user:1124177193,2014-04-06T13:33:06Z,indian electronic,0.535,0.734,10,-11.44,0,0.04,0.0994,0.935,0.549,0.59,140.396,4,
39z2JJBCV7dIS7w7tuadGM,5xQiWBPNCV6JnnC7emnEnn,a,Raga Bhairav - Instrumental,Synthesizing - Ten Ragas to a Disco Beat,1982-12-31,307706,0,spotify:user:1124177193,2015-11-16T19:40:38Z,indian electronic,0.553,0.575,0,-17.708,1,0.0392,0.268,0.902,0.523,0.647,137.605,4,
1SqlMG7nHhOOKmNUjrdJP7,0h1gX589xBKUCijeC8Bewy,Charlotte Adigéry,Paténipat,Paténipat,2018-11-27,371993,0,spotify:user:1124177193,2019-08-11T10:54:31Z,"belgian electronic,belgian indie",0.86,0.589,4,-10.865,0,0.0396,0.00549,0.0231,0.363,0.221,109.989,4,
0dqDZbYrSbfPrqMhb5V98z,"0h1gX589xBKUCijeC8Bewy,0dSnTqwXok006MwsjjlzUl,43mWhBXSflupNLuNjM5vff","Charlotte Adigéry,Bolis Pupul,Soulwax",Cliché - Soulwax Remix,Cliché (Soulwax Remix),2022-07-27,387168,32,spotify:user:1124177193,2022-08-30T10:31:11Z,"belgian electronic,belgian indie,alternative dance,belgian indie rock,belgian rock,electronica,filter house,ghent indie,mashup",0.743,0.957,4,-6.471,1,0.0703,0.00211,0.227,0.0379,0.851,119.99,4,
57KDDGijeqbwsiBOhdo4PT,"2rBcvLKWCZs9w1qIWv560v,43mWhBXSflupNLuNjM5vff","Charlotte Gainsbourg,Soulwax",Deadly Valentine (Soulwax Remix),Deadly Valentine (Soulwax Remix),2017-11-10,475057,43,spotify:user:1124177193,2018-05-26T14:51:07Z,"art pop,alternative dance,belgian electronic,belgian indie,belgian indie rock,belgian rock,electronica,filter house,ghent indie,mashup",0.799,0.858,11,-5.977,1,0.0588,0.0422,0.783,0.0625,0.965,104.976,4,
58VuSAYssbmsAMsERFVWrq,38yRIy4CLmtrEEedZzjNoS,Chemise,She Can't Love You,A Night To Remember,2012-05-01,217666,0,spotify:user:1124177193,2019-08-23T17:09:25Z,synth funk,0.965,0.734,4,-6.594,0,0.0996,0.0376,0.00101,0.31,0.719,114.679,4,
79DaNvJV9dOJD2iB38BYeb,"6UcJxoeHWWWyT5HZP064om,43mWhBXSflupNLuNjM5vff","Chet Faker,Soulwax",Whatever Tomorrow - Soulwax Remix,Whatever Tomorrow (Soulwax Remix),2021-05-14,327759,0,spotify:user:1124177193,2023-05-20T17:42:12Z,"art pop,indietronica,alternative dance,belgian electronic,belgian indie,belgian indie rock,belgian rock,electronica,filter house,ghent indie,mashup",0.618,0.885,7,-6.449,1,0.0684,0.00739,0.796,0.0783,0.706,99.997,4,
6Xj6WksWmPX147s4FwNOXq,0Xf8oDAJYd2D0k3NLI19OV,CHIC,I Want Your Love - 2018 Remaster,The Chic Organization 1977-1979 (2018 Remaster),2018-11-23,413586,46,spotify:user:1124177193,2019-08-10T13:11:45Z,"disco,funk,motown,soul",0.699,0.604,9,-13.404,0,0.0359,0.0185,0.073,0.0868,0.96,114.226,4,
7yi6ExUutNRVa8KPgIiprd,0Xf8oDAJYd2D0k3NLI19OV,CHIC,I Feel Your Love Comin' On,Tongue in Chic,1982-11-01,412640,23,spotify:user:1124177193,2014-06-25T22:32:36Z,"disco,funk,motown,soul",0.783,0.737,9,-5.002,1,0.0597,0.076,0.0173,0.033,0.811,117.296,4,
2YjZLeLx3Pl2DTIhvc1iRq,0Xf8oDAJYd2D0k3NLI19OV,CHIC,You Are Beautiful,Believer,1983-11-14,275626,0,spotify:user:1124177193,2019-08-10T11:47:47Z,"disco,funk,motown,soul",0.842,0.651,10,-13.345,1,0.0603,0.196,0.0788,0.0257,0.739,114.506,4,
2qQYmjXYPmFPGzuIHeVWar,3iDD7bnsjL9J4fO298r0L0,Chicago,I'm a Man - 2002 Remaster,Chicago Transit Authority,1969-04-28,462760,43,spotify:user:1124177193,2014-03-09T17:34:16Z,"album rock,classic rock,mellow gold,rock,soft rock,yacht rock",0.55,0.947,8,-6.983,1,0.0735,0.000596,0.0177,0.0999,0.61,127.609,4,
6XgqDXktcWfW0Bs3rCYpB0,"34tXUAQ99rMaNz130LSKIk,22J2GXRs8somIuArFkqCUl","Chicken Lips,Headman aka Robi Insinna",It Rough - Chicken Lips Remix,It Rough 2013,2013-02-15,485853,0,spotify:user:1124177193,2014-06-25T22:36:39Z,,0.795,0.86,1,-8.29,0,0.0465,0.00302,0.87,0.383,0.3,120.517,4,
124417oBpm8uAOGwBoPuxB,2lHpa4rwVeFbEnA0X7d0Tt,Chris & Cosey,This Is Me,Heartbeat,1981-12-31,178200,22,spotify:user:1124177193,2024-03-18T21:25:26Z,"british industrial,industrial,minimal wave,proto-techno,uk post-punk",0.718,0.492,10,-17.911,0,0.0553,0.0772,0.72,0.102,0.873,168.003,4,
,,Chris Isaak,Wicked Games (Richie Hawtin Edit),,,366000,0,spotify:user:1124177193,2016-05-01T19:34:37Z,,,,,,,,,,,,,,
1XiP8qRiHsx2wQPSmsLp7W,"2MMaIlHd8UvDW0mVRAncD6,5we1lHb5o9tNMyo47XXWFN","Chuck Mangione,Esther Satterfield",Land Of Make Believe,Land Of Make Believe,1973-01-01,744866,21,spotify:user:1124177193,2023-05-20T19:00:33Z,"jazz trumpet,smooth jazz",0.273,0.321,10,-16.604,1,0.0449,0.033,0.00571,0.705,0.285,133.267,4,
56hBKAyTXnt0fvezRM3uOV,7JRN2zE9GRXmVLj2UgNWtN,City,Aus der Ferne,Best Of City,1992-06-29,310800,15,spotify:user:1124177193,2023-05-20T18:47:24Z,"german rock,ostrock",0.565,0.61,9,-12.052,0,0.0405,0.27,0.0299,0.0938,0.665,94.682,4,
2EGpW2gMQBllBAp7r57Uov,"4mncDFjVLUa3s025Tct3Ry,0XLhfP0Nt0IYLLKqfWjnbb","Claptone,George Kranz",The Drums (Din Daa Daa) - Dennis Cruz Remix,The Drums (Din Daa Daa) [Remixes],2017-07-10,412412,0,spotify:user:1124177193,2019-08-10T13:14:40Z,"german house,german techno,progressive house",0.81,0.955,11,-7.226,0,0.0721,0.00741,0.92,0.0378,0.479,122.003,4,
5Cj0M0QLzJYhbYsW4nkOEa,6LUUFChQprb8Jql9mozljy,Clive Stevens & Brainchild,Mystery Man,"Electro Lounge Vol, 1",2015,315666,15,spotify:user:1124177193,2022-09-07T18:08:24Z,,0.623,0.597,11,-11.963,0,0.0393,0.0147,0.673,0.108,0.662,173.935,4,
76c3pzR9EjDuHYZ7k4HK2F,1Y9R6sacgLlWFGYFGK9M0P,Clout,Sunshine Baby,The Best Of Clout,2018-03-26,186307,11,spotify:user:1124177193,2023-10-21T17:17:13Z,classic uk pop,0.511,0.876,2,-8.27,1,0.148,0.328,0.0000827,0.153,0.867,173.582,4,
19teclhi5WmI6EpRCWld8O,6ulCqsjaP5evC5oWdM7dEq,Coconutscale,Back Polish,Intro,2014-04-23,256762,0,spotify:user:1124177193,2018-05-29T22:00:30Z,,0.741,0.714,6,-7.919,0,0.0359,0.287,0.717,0.148,0.618,110.012,4,
4BC9HwwkJP8sKvRp0iI1Gu,5c7lCdGqzB63L3ejb5lwQN,Comet,Cometen Zauber,Music from the Mudd Club New York City,2022-06-24,348266,0,spotify:user:1124177193,2022-10-25T10:56:04Z,,0.7,0.594,1,-13.841,1,0.0529,0.000278,0.00024,0.338,0.926,122.829,4,
419YTFvJE1veLsXb032T8O,"1u3iAH558OCRoeuhXECY5k,6VKLNrdvmNrwyBsNmSTiaw","Conrad,Gregor Schnitzler",The Shark Eats Ice,"Elaste Vol. 3: Super Motion Disco, Originals from the Future",2010-03-26,180173,17,spotify:user:1124177193,2024-03-18T21:30:18Z,,0.899,0.502,0,-6.845,1,0.0842,0.00924,0.0000811,0.115,0.857,113.82,4,
3J3wijtJ2qpojIoHsHkJ9u,7mifyf6uQQKKffciTy7sOK,Crash Course In Science,Jump Over Barrels,Near Marineland,2011-08-23,210000,1,spotify:user:1124177193,2023-10-23T09:24:06Z,"minimal wave,proto-techno",0.69,0.793,9,-8.244,1,0.0316,0.000806,0.3,0.11,0.923,129.175,4,
313ZWYUNC3KWPUCe6ne86z,"7mifyf6uQQKKffciTy7sOK,76Bkn226zbX3IMiEiLC2h2","Crash Course In Science,J Rocc",Flying Turns (J Rocc Edit),"The Minimal Wave Tapes, J. Rocc Edits Vol. 1",2012-07-17,210788,0,spotify:user:1124177193,2022-10-24T18:34:38Z,"minimal wave,proto-techno,alternative hip hop,turntablism",0.894,0.429,11,-8.838,0,0.0613,0.0109,0.749,0.387,0.151,118.01,4,
2BcvvHttiZRvguFM4hR398,74oJ4qxwOZvX6oSsu1DGnw,Cream,Sunshine Of Your Love,Disraeli Gears (Remastered),1967-11-02,250000,0,spotify:user:1124177193,2018-05-27T09:11:26Z,"album rock,blues rock,british blues,classic rock,folk rock,hard rock,psychedelic rock,rock,singer-songwriter,supergroup",0.684,0.482,2,-12.59,1,0.0384,0.475,0.0000732,0.118,0.785,115.066,4,
4JuJ9ewGWWGy0U3URuXOSI,3IYUhFvPQItj6xySrBmZkd,Creedence Clearwater Revival,Have You Ever Seen The Rain?,Pendulum (40th Anniversary Edition),1970-12-07,160133,0,spotify:user:1124177193,2018-05-29T22:14:55Z,"album rock,classic rock,country rock,mellow gold,rock,southern rock,swamp rock",0.741,0.697,0,-7.028,1,0.0277,0.0664,0.0000228,0.133,0.774,116.109,4,
2qcoqIQwcCYeFwShRiNAIf,55YVddZfTCpGJXDPDokBz1,Cristian Agrillo,Keep On Move - Original Mix,"Black & White, Vol. 2",2016-01-19,355200,0,spotify:user:1124177193,2022-10-24T20:14:00Z,,0.793,0.916,7,-7.199,1,0.0542,0.000945,0.813,0.112,0.388,124.985,4,
2UNeqbJHHN26dZAorlqKuc,3LCLuW9ctIKZK4dyBpDDBr,Crystal Grass,Dream On,Rare Soul & Disco 9,2000-01-01,226533,5,spotify:user:1124177193,2023-05-20T18:07:37Z,,0.499,0.628,10,-11.46,0,0.0919,0.114,0,0.0964,0.656,93.865,4,
6bKsfsrPfqhuU9DwJcSMgW,4tX9L7ny9180v5V4bFB1Yl,Cultural Vibe,Ma Foom Bey - Rhythm Version,Ma Foom Bey,1986-06-04,452133,4,spotify:user:1124177193,2018-05-29T22:16:31Z,,0.803,0.31,7,-25.417,1,0.0942,0.000205,0.88,0.05,0.656,116.527,4,
2OaZqGUkuIVzzc8C3NRu2z,4tX9L7ny9180v5V4bFB1Yl,Cultural Vibe,Ma Foom Bey - Love Chant Version,Ma Foom Bey,1986-06-04,337200,16,spotify:user:1124177193,2018-05-26T16:09:03Z,,0.807,0.174,11,-24.415,0,0.115,0.000235,0.467,0.0571,0.485,116.69,4,
7z1HWan0RsvCsvsI7XVvE7,4tX9L7ny9180v5V4bFB1Yl,Cultural Vibe,Ma Foom Bey - Special ZZB Version,Ma Foom Bey,1986-06-04,177066,0,spotify:user:1124177193,2016-04-23T10:39:33Z,,0.877,0.118,11,-24.228,0,0.179,0.00484,0.0905,0.0526,0.503,116.536,4,
5ifMMn84q0GsrLciIK1eu4,4DbtUTi2WsBNdruAZL2pNz,Culture,Capture Rasta,Chanting On,2014-04-01,197600,16,spotify:user:1124177193,2015-09-12T23:20:52Z,"reggae,roots reggae",0.687,0.428,11,-11.127,0,0.247,0.00135,0.00106,0.318,0.501,158.149,4,
3lHI3DPZlvywyERbhzyvSB,"3yPhA99sW3nNtS2yA9xZdO,7hOJsAb2yht7SoeWn7cmZC,4ThhH5H8jQ1yUDRMynALCA","Cy1,Bikaye,Zazou",Lamuka,Noir Et Blanc,1983-01-01,323346,11,spotify:user:1124177193,2022-09-07T18:05:51Z,,0.693,0.744,8,-7.298,0,0.0469,0.0829,0.00304,0.0593,0.967,169.758,4,
3m2W2OEBUtFt7wzU1CMbcR,"4Q7f5m9LPlB9ISWWQMza2d,3LijUg92GG1XomQ1OkuvfD","D.C. LaRue,Ron Basejam",Do You Want the Real Thing? - Ron Basejam's Main Rub,Resurrection - The Remixes Pt. 1,2018-05-18,451636,7,spotify:user:1124177193,2022-09-07T19:10:41Z,"deep disco,balearic,deep soul house,nu disco",0.745,0.74,0,-6.597,1,0.0488,0.0099,0.813,0.685,0.757,100.003,4,
0oks4FnzhNp5QPTZtoet7c,4tZwfgrHOc3mvqYlEYSvVi,Daft Punk,Giorgio by Moroder,Random Access Memories,2013-05-20,544626,61,spotify:user:1124177193,2014-10-11T22:42:15Z,"electro,filter house,rock",0.74,0.682,9,-10.42,0,0.0504,0.0692,0.53,0.381,0.41,113.201,4,
0MyY4WcN7DIfbSmp5yej5z,4tZwfgrHOc3mvqYlEYSvVi,Daft Punk,Da Funk,Homework,1997-01-17,328680,61,spotify:user:1124177193,2023-04-30T19:27:08Z,"electro,filter house,rock",0.806,0.7,0,-5.269,0,0.0752,0.00196,0.891,0.267,0.892,111.215,4,
0rBKQiFMwSG2FE5a8TL2G2,1EULJuDFWpZ9xg4YwtUGGt,Daniel Avery,Naive Response,Drone Logic,2013-10-04,323280,0,spotify:user:1124177193,2014-03-12T23:01:09Z,"ambient techno,electronica,float house,future garage,intelligent dance music,microhouse,shiver pop",0.795,0.611,0,-6.685,0,0.0414,0.314,0.91,0.109,0.301,119.989,3,
7wsJrP1oQBVuI3huqfaQzk,1qvo6CbTD4Itart3ZR4JUh,Daniel Wang,Like Some Dream I Can't Stop Dreaming,Unabombers: Electric Chair Saved My Life,2008-10-06,405666,0,spotify:user:1124177193,2015-09-12T16:21:49Z,balearic,0.852,0.798,11,-8.787,0,0.219,0.0703,0.00398,0.296,0.428,119.753,4,
3hn2XlucfhFh7XGDEvMPoS,"4nhvb6x9ZhPiYCzrHDNia9,4tcARMnMEtBq3onlfD8Rgl","Daphni,Paradise",Sizzling - Radio Edit,Sizzling EP,2019-06-19,218990,20,spotify:user:1124177193,2023-05-20T18:29:26Z,"canadian house,electronica,float house,future garage,microhouse,wonky",0.693,0.93,2,-8.166,1,0.0367,0.000535,0.849,0.0516,0.435,132.005,4,
1OpOBarPBwCi56P1i04Qdy,77tT1kLj6mCWtFNqiOmP9H,Daryl Hall & John Oates,I Can't Go for That (No Can Do),Hall & Oates,2006-05-15,307653,27,spotify:user:1124177193,2014-03-09T18:13:17Z,"album rock,classic rock,mellow gold,rock,singer-songwriter,soft rock,yacht rock",0.876,0.458,0,-8.497,0,0.0397,0.0357,0.0000268,0.0704,0.97,110.678,4,
0U6e5bTfnQrCrX6FWeJzgN,75QkeG5yBHVCybZurCrMa8,Data,Soldier's Flag,Soldier’s Flag - EP,2014-01-13,261509,5,spotify:user:1124177193,2016-05-01T18:17:29Z,"electrofox,filter house",0.412,0.763,8,-5.367,1,0.0416,0.0429,0.00000183,0.0924,0.138,91,4,
5CCjB4Oc4lKf5xFENovG1R,"75QkeG5yBHVCybZurCrMa8,6E7SbenCPEit9gDFnMlDUA","Data,The Reflex",Soldiers Flag - The Reflex Revision,Poolside Miami,2014-04-02,382166,3,spotify:user:1124177193,2018-05-29T22:16:18Z,"electrofox,filter house",0.72,0.866,9,-3.829,1,0.0285,0.0168,0.584,0.562,0.345,108.012,4,
3sb66av9ZpdI1JmPDHVa18,0oSGxfWSnnOXhD2fKuz2Gy,David Bowie,Space Oddity - 2009 Remastered Version,Space Oddity [Space Oddity 40th Anniversary Edition],1969-11-04,317026,0,spotify:user:1124177193,2014-03-12T23:04:13Z,"art rock,classic rock,glam rock,permanent wave,rock",0.337,0.365,0,-15.091,1,0.0318,0.0788,0.0000384,0.202,0.497,136.264,4,
6DfAIjijAuGGWYM5wv0F6D,0oSGxfWSnnOXhD2fKuz2Gy,David Bowie,Young Americans - Gouster; 2016 Remaster,Who Can I Be Now? [1974 - 1976],2016-09-23,317093,11,spotify:user:1124177193,2018-05-26T15:59:01Z,"art rock,classic rock,glam rock,permanent wave,rock",0.462,0.734,7,-13.2,1,0.084,0.174,0,0.0564,0.902,168.867,4,
6KJW8eguQSrEqME87r9CZS,0oSGxfWSnnOXhD2fKuz2Gy,David Bowie,Love Is Lost - Hello Steve Reich Mix by James Murphy for the DFA,The Next Day Extra,2013-11-01,626013,0,spotify:user:1124177193,2015-09-12T16:23:54Z,"art rock,classic rock,glam rock,permanent wave,rock",0.701,0.905,6,-10.393,1,0.048,0.0416,0.797,0.342,0.958,101.997,4,
0wtvmW7h4rTNGUJ2wDn6Kn,0oSGxfWSnnOXhD2fKuz2Gy,David Bowie,Without You - 1999 Remaster,Let's Dance (1999 Remaster),1983-04-14,190160,0,spotify:user:1124177193,2015-09-12T16:23:23Z,"art rock,classic rock,glam rock,permanent wave,rock",0.727,0.586,3,-10.685,1,0.0306,0.0225,0.0442,0.154,0.889,119.337,4,
7mYLWNbY4Vg8BNaxNvABMn,0oSGxfWSnnOXhD2fKuz2Gy,David Bowie,Fashion - 1999 Remaster,Scary Monsters,1980-09-12,289200,0,spotify:user:1124177193,2018-05-29T22:02:55Z,"art rock,classic rock,glam rock,permanent wave,rock",0.839,0.726,0,-10.598,1,0.0369,0.244,0.0542,0.1,0.96,109.724,4,
1ZfaNbHO3j1JQrK6WTGz3R,20vuBdFblWUo2FCOvUzusB,David Byrne,My Big Hands (Fall Through the Cracks),The Complete Score from The Catherine Wheel,1981-12-09,165440,13,spotify:user:1124177193,2018-05-26T12:59:11Z,"art pop,art punk,art rock,permanent wave,singer-songwriter,solo wave",0.723,0.416,0,-17.226,1,0.113,0.203,0.0638,0.333,0.943,87.233,4,
,,David Byron,African Breeze,,,255000,0,spotify:user:1124177193,2016-05-01T19:34:37Z,,,,,,,,,,,,,,
5HHmeob4qjd4k4Miuoc5Cf,0Ev7fIFEUbasmM2Wj3qYNX,David Michael Cross,Nuclear War (Part II),Cold War,2023-06-09,268880,0,spotify:user:1124177193,2024-03-18T21:07:03Z,,0.852,0.658,7,-9.422,1,0.0456,0.549,0.00169,0.109,0.605,95.007,4,
7DxM36uoNUYjS8EPjDHKfh,61ZtHs9m7OQzVR5WNlbjo5,De Gantwerprappers,Poopeloo,"Vlaanderen Leeft, Een Verzameling Hits 1",1987-01-01,203400,4,spotify:user:1124177193,2024-03-18T21:27:16Z,,0.897,0.515,7,-15.436,1,0.244,0.0714,0.0000122,0.154,0.676,100.793,4,
5ma9svFFTMNBjqaAH4EbvY,"61VfHXWMs8Am1Sg5HeFbJw,2FbxiFPYUwfms4iboZw7l4,7hRUG5yBoxP9wUVzpot4xG","Decius,Lias Saoudi,Douglas Lucas",Roberto’s Tumescence,Decius Vol. I,2022-11-04,336960,16,spotify:user:1124177193,2023-11-09T18:02:33Z,,0.674,0.854,5,-7.465,1,0.0395,0.00477,0.19,0.0515,0.734,124.994,4,
636RkmhngF9JOnMDISLBZH,4eQJIXFEujzhTVVS1gIfu5,Deee-Lite,What Is Love?,Rhino Hi-Five: Deee-Lite,2005-04-19,220480,0,spotify:user:1124177193,2014-06-25T22:30:20Z,hip house,0.791,0.631,2,-14.543,1,0.0495,0.0069,0.867,0.333,0.534,111.228,4,
6pRUSqa2Qo8QV4Ytk8ik9c,4eQJIXFEujzhTVVS1gIfu5,Deee-Lite,What Is Love?,World Clique,1990-08-07,220480,39,spotify:user:1124177193,2020-02-26T21:23:49Z,hip house,0.791,0.631,2,-14.543,1,0.0495,0.0069,0.867,0.333,0.534,111.228,4,
0oSigDSDs2Sr1IMRwQVjjL,"45PgDpNWsI7nko36stpj29,47bza08PYdqPcVMAkPJUfT","Delia Gonzalez,Gavin Russom",Relevee - Carl Craig Remix/Slam Rework,SOMA500 (Slam Remixes),2017-09-01,475105,0,spotify:user:1124177193,2018-05-29T21:10:48Z,,0.506,0.639,1,-13.625,0,0.0344,0.00031,0.833,0.11,0.114,127.006,4,
0bVUSVTSDKKlG0iXAg2Umw,2qe52cWdi4IRtgg14CLInb,Delta 5,You,Singles and Sessions 1979-1981,2006,231013,0,spotify:user:1124177193,2022-10-29T18:34:21Z,"post-punk,riot grrrl,uk post-punk",0.814,0.718,9,-5.969,0,0.172,0.00913,0.000102,0.0259,0.578,149.636,4,
3yUz994CJGANNUBOSZTMc3,2qe52cWdi4IRtgg14CLInb,Delta 5,You,Singles and Sessions 1979-1981,2006,231013,28,spotify:user:1124177193,2023-10-24T17:33:50Z,"post-punk,riot grrrl,uk post-punk",0.814,0.717,9,-5.969,0,0.173,0.00914,0.000106,0.0259,0.58,149.636,4,
0IhgRj4pOQl1BLtVqps4Ub,0J9mbwg4BquN4XlHzdMK3X,Demis Roussos,Love Is,Demis,2009-05-04,203933,0,spotify:user:1124177193,2014-06-25T22:33:32Z,,0.549,0.501,8,-14.466,1,0.0473,0.0898,0,0.16,0.769,107.09,4,
4625J4aPdJUccBwsofFJW8,0J9mbwg4BquN4XlHzdMK3X,Demis Roussos,I Dig You,Collected,2015-03-20,247733,0,spotify:user:1124177193,2016-05-01T18:29:29Z,,0.552,0.709,11,-13.087,1,0.0411,0.0897,0.0867,0.288,0.849,116.079,4,
2qF9ANEvvwT1nzV2338n25,06YZcS2aoIREKT55qy4KhN,Dennis Parker,Like an Eagle,Like an Eagle,2018-12-20,395656,23,spotify:user:1124177193,2022-10-24T20:36:18Z,,0.57,0.746,2,-12.217,0,0.0259,0.186,0.151,0.127,0.909,104.97,4,
7yMpOnXmLv7H9CqFpWFEoJ,3FhFU7OY04rGgChgHv14cs,Deux,Everybody's Night,Golden Dreams,2013-01-03,335812,23,spotify:user:1124177193,2015-05-20T20:23:51Z,"french post-punk,grave wave,minimal wave",0.808,0.59,1,-12.447,0,0.0581,0.193,0.83,0.103,0.827,115.796,4,
0BX0eq3SXW4jeZmQ271CpE,3MdG05syQeRYPPcClLaUGl,Diana Ross,Love Hangover,Love and Life: The Very Best of Diana Ross,2001-10-24,224266,0,spotify:user:1124177193,2014-06-25T22:12:17Z,"adult standards,disco,motown,quiet storm,soft rock,soul",0.528,0.83,1,-6.351,1,0.0539,0.275,0.00118,0.05,0.819,111.506,4,
57Y3UccJEJqT8w8RWkUAz0,3MdG05syQeRYPPcClLaUGl,Diana Ross,Upside Down,Diana,1980-05-22,244826,0,spotify:user:1124177193,2019-08-10T12:57:06Z,"adult standards,disco,motown,quiet storm,soft rock,soul",0.887,0.904,5,-5.107,0,0.0703,0.079,0.0101,0.0165,0.89,107.955,4,
39a7GnW6kkGZAJf4nwKCjH,"5fMUXHkw8R8eOP2RNVYEZX,3EIJ8wiUHbgkRCt5cpRrQv,43mWhBXSflupNLuNjM5vff,59oA5WbbQvomJz2BuRG071","Diplo,Damian Lazarus,Soulwax,Jungle",Don't Be Afraid (feat. Jungle) - Soulwax Remix,Diplo (Deluxe),2022-08-05,401328,25,spotify:user:1124177193,2022-08-30T10:35:11Z,"dance pop,edm,electro house,moombahton,pop dance,deep disco house,uk house,alternative dance,belgian electronic,belgian indie,belgian indie rock,belgian rock,electronica,filter house,ghent indie,mashup,indie soul,uk contemporary r&b",0.756,0.988,8,-6.321,1,0.0403,0.0249,0.869,0.0857,0.39,125.005,4,
,,DJ Fett Burger & DJ Grillo Wiener,Disco Fire,,,467000,0,spotify:user:1124177193,2016-02-07T17:26:14Z,,,,,,,,,,,,,,
1ucMtNa4wqtsYvv7ysVkf7,"57CcS2fO7MFSQkuzW6TWxX,0eoOgNAKS0g3piTJlFY173","DJ Marley Marl,Loose Joints",Is It All Over My Face?,West End Mixtape Sessions,2006-11-28,366333,6,spotify:user:1124177193,2014-03-13T00:20:54Z,,0.778,0.773,6,-9.461,0,0.141,0.00364,0.634,0.0429,0.904,121.639,4,
3I9tzMGd1E0Ss9uJoCinHM,1WozOtvVfttLbBk3fGLt45,DJ Nori,Happy Sunday (Maurice Fulton Mix),We Don't Know EP,2013-07-01,402782,16,spotify:user:1124177193,2015-05-20T20:20:39Z,"japanese electronic,japanese house",0.801,0.788,4,-5.245,0,0.0442,0.00157,0.764,0.0963,0.421,114.985,4,
6ucSM84v4JtaTM3D3jHLQi,"6cSbUrmqve4J7i1VB52SFI,6L1gbtZB4zqUv9fNefoRyy,58iX0TZx9cweY6m1DTZOrb,1HLFTdy36ptPNbx2abvRdI,51PDNC7ww2nYZ9WQuOGDkz,7i2QguPmSsH0PBw1hRtP8U","Dominatrix,Claudia Summers,Ivan Baker,Ken Lockie,Stuart Argabright,Jay Burnette",The Dominatrix Sleeps Tonight (Dominant Mix),The Dominatrix Sleeps Tonight (Dominant Mix),2022-04-28,288421,8,spotify:user:1124177193,2022-10-24T20:59:32Z,,0.861,0.648,10,-8.192,0,0.0725,0.0323,0.73,0.0835,0.766,112.631,4,
1iPbcdvxT4WVG0Irt98uL3,3ZUZYvTkSr7kJQyAXVpqaL,Donald Byrd,Love Has Come Around,Love Byrd,1981,472866,33,spotify:user:1124177193,2015-09-12T16:18:55Z,"bebop,hard bop,jazz,jazz funk,jazz trumpet,soul jazz",0.727,0.724,2,-8.982,0,0.0398,0.0888,0.271,0.292,0.519,111.741,4,
5MIq6nq8QBUf0SOEueoBZz,2eogQKWWoohI3BSnoG7E2U,Donna Summer,Last Dance - 12 Version,Bad Girls [Deluxe Edition (International Version)],1979-04-25,490826,0,spotify:user:1124177193,2014-03-13T00:02:32Z,"disco,hi-nrg,new wave pop,soft rock",0.553,0.691,10,-10.032,1,0.0764,0.524,0.00653,0.495,0.371,124.622,4,
4xzmAj7kP1u52GvcRkDtys,2eogQKWWoohI3BSnoG7E2U,Donna Summer,I Feel Love - 12 Version,Bad Girls [Deluxe Edition (International Version)],1979-04-25,495186,0,spotify:user:1124177193,2019-08-23T17:09:25Z,"disco,hi-nrg,new wave pop,soft rock",0.692,0.79,5,-14.065,1,0.0416,0.074,0.711,0.101,0.96,128.13,4,
2mKWUGzI5yLsuQOUoWhkAM,2w3mvReNNIQ7S44MAr89zu,Dopplereffekt,Gesamtkunstwerk,Gesamtkunstwerk,1999,367800,7,spotify:user:1124177193,2019-08-23T17:09:25Z,"detroit techno,electro,intelligent dance music,techno",0.842,0.645,7,-10.687,1,0.281,0.23,0.888,0.109,0.0668,112.447,4,
0OSNN0ABo1HMgfGeMQ3pCr,320TrJub4arztwXRm7kqVO,Dr. John,I Walk on Guilded Splinters,Gris Gris,1968,466266,37,spotify:user:1124177193,2022-08-31T00:11:42Z,"acoustic blues,blues,jazz blues,louisiana blues,modern blues,new orleans blues,piano blues,roots rock,singer-songwriter,soul,traditional blues",0.654,0.287,9,-19.071,0,0.0778,0.562,0.00446,0.0915,0.708,90.086,4,
3zrzHjMoNOmW4odgYp256g,5dUXGd0y5vNBAtfjHOxCtN,Droids,Do You Have The Force Pt.1,Star Peace,1978,258933,5,spotify:user:1124177193,2014-03-12T23:07:41Z,coldwave,0.691,0.936,9,-7.638,1,0.0311,0.0524,0.745,0.513,0.868,132.184,4,
1pfaRGfwPld8qFTHmOYSLT,0lZoBs4Pzo7R89JM9lxwoT,Duran Duran,Planet Earth - Night Version,The Singles 81-85,2003,378626,12,spotify:user:1124177193,2019-08-23T17:09:25Z,"album rock,dance rock,new romantic,new wave,new wave pop,rock,soft rock,synthpop",0.699,0.855,0,-6.73,1,0.0446,0.000501,0.0585,0.233,0.568,136.696,4,
66VEkC0FJCArTuCOZD3SbY,0lZoBs4Pzo7R89JM9lxwoT,Duran Duran,Planet Earth,Duran Duran,1981-06-15,237146,33,spotify:user:1124177193,2014-03-09T17:29:39Z,"album rock,dance rock,new romantic,new wave,new wave pop,rock,soft rock,synthpop",0.701,0.594,0,-10.769,1,0.0456,0.000343,0.446,0.0516,0.232,131.445,4,
5nNmj1cLH3r4aA4XDJ2bgY,4QQgXkCYTt3BlENzhyNETg,"Earth, Wind & Fire",September,The Eternal Dance,1992-09-08,214826,0,spotify:user:1124177193,2019-08-23T17:09:25Z,"disco,funk,jazz funk,motown,soul",0.697,0.809,9,-8.197,1,0.0302,0.114,0.000521,0.183,0.98,125.941,4,
2EdcEOJf2V8xMOTO7q2gCN,2gR0iQTVBPHDKiNn1Kq8HI,Ebo Taylor,Love and Death,Love & Death,2010-10-25,415090,46,spotify:user:1124177193,2023-05-20T17:49:39Z,"afro-funk,afrobeat,afropop,classic afrobeat,old school highlife",0.741,0.896,0,-7.208,1,0.0502,0.135,0.461,0.12,0.871,102.453,4,
5R7eJg7axcnaWLUbW31toI,2OlHhetYypiQCUHpxnaa1d,"Eddie Flashin"" Fowlkes""",Play It Cool (Vocal),Goodbye Kiss,2006-01-01,367082,0,spotify:user:1124177193,2018-05-29T22:13:47Z,detroit techno,0.768,0.687,8,-11.758,1,0.073,0.0177,0.151,0.558,0.677,123.083,4,
2f6Co9RuEtGc2o6VJF17Ll,2Uuon75BhnuuxdKLYn4wHn,Eddie Kendricks,Girl You Need A Change Of Mind,"The Eddie Kendricks Collection, Volume 1",2005-01-01,462826,0,spotify:user:1124177193,2014-06-25T22:31:59Z,"classic soul,disco,funk,motown,p funk,post-disco,quiet storm,soul",0.456,0.862,2,-8.393,0,0.0386,0.0832,0.00429,0.195,0.859,104.457,4,
29TPnDc620D0SlCWNkgilu,3vq20FWRCImmgoatehNMmg,Edgar Broughton Band,Mr Crosby - 2004 Remaster,The Harvest Years (1969-1973),2011-01-17,133213,1,spotify:user:1124177193,2015-05-20T20:15:30Z,"acid rock,proto-metal,psychedelic blues-rock,psychedelic rock",0.791,0.444,10,-12.086,0,0.122,0.332,0.326,0.0532,0.864,98.202,4,
3lZpJXOwnex76T8tIVPuDJ,1B8AXU6gIIafpyLEpbcv1u,Edwin Starr,Get Up - Whirlpool,Stronger Than You Think I Am,2018-01-14,490373,13,spotify:user:1124177193,2018-05-26T16:02:29Z,"classic soul,motown,northern soul,soul,southern soul",0.787,0.55,0,-13.46,0,0.0446,0.865,0.0302,0.0848,0.807,92.9,4,
,,Ego Troopers,Her Poolparty (Soulwax 2manydjs remix),,,318000,0,spotify:user:1124177193,2015-09-12T23:01:35Z,,,,,,,,,,,,,,
2SwrC3ET2cDWCNpxbaaA8l,3OFGFjAzm030YXGPDQ4Sio,Eighties Ladies,Turned on to You,Ladies of the Eighties,1980,328613,20,spotify:user:1124177193,2023-05-20T17:38:44Z,,0.566,0.764,11,-7.202,0,0.111,0.0569,0.000059,0.291,0.578,183.749,4,
6GnjkF6FAeP4qNS90AUlf8,6GNNYKCCMeGJKk3CA8hRkY,El Turronero,Las Penas - Las Cañas,New Hondo,2016-10-10,257553,10,spotify:user:1124177193,2019-08-23T17:09:25Z,"cante flamenco,flamenco",0.602,0.933,0,-5.616,1,0.0726,0.49,0.331,0.489,0.521,109.598,4,
1wOIJkLJ71wPL0ng1b5xFg,4AkrQOdU4LgRL9EEfP3lhD,Elektrid Dred,Butter Up (Gimmie Some Bread) - Instrumental,Dimitri From Paris presents: Nightdubbin',2009-05-26,403333,0,spotify:user:1124177193,2015-09-12T16:21:31Z,,0.806,0.59,4,-10.412,0,0.0743,0.0187,0.409,0.046,0.668,123.667,4,
2DmM8HVfI69KDWvH8vq3Cs,2B6jLXMjMSW7Jf8yBM6rVJ,Elkin & Nelson,Abran paso - Ahoa (Enrolle),Angeles y demonios,1974-03-08,445780,12,spotify:user:1124177193,2023-05-01T19:28:10Z,,0.566,0.946,3,-8.009,1,0.0817,0.231,0.00395,0.105,0.859,110.159,4,
5chs9Tuzie40lvESN8EaCv,1C2Gz0VQuVWtaLWd54ujI5,EMMANUELLE,Free Hifi Internet,EMMANUELLE,2015-12-04,224750,0,spotify:user:1124177193,2016-01-03T01:21:15Z,,0.809,0.443,1,-7.981,0,0.0454,0.0435,0.731,0.0845,0.215,115.011,4,
327UdIHf8O18gngvqFIcon,4Yl7QY0cwgoGsK6Bgmn6II,Endurance,Expanding Repetition,Long-Term Memory,2021-08-27,703023,0,spotify:user:1124177193,2022-10-24T13:58:21Z,dreampunk,0.31,0.0314,11,-26.759,0,0.0452,0.994,0.949,0.0853,0.0319,133.361,3,
7lNo0pveCJ5S9CoFjGNxC4,6B6Lsc1YkPBpFe3pQtP6Dp,Equals,Funky Like A Train,Born Ya!,1976-01-01,277995,11,spotify:user:1124177193,2022-10-24T14:34:41Z,,0.756,0.634,6,-18.64,0,0.205,0.167,0,0.315,0.963,104.135,4,
69rDxvHXYVY6ewimS3j1ic,1xSJPHGAj5EOrbeUCbbUD9,Escape from New York,Fire in My Heart - Instrumental Dub,Fire in My Heart,2017-05-12,314814,13,spotify:user:1124177193,2020-02-26T21:21:34Z,,0.64,0.741,4,-7.37,0,0.0455,0.00589,0.53,0.191,0.697,101.046,4,
5vz9SJ6wkF2RoEVMI3VZnP,1xSJPHGAj5EOrbeUCbbUD9,Escape from New York,Fire in My Heart,Fire in My Heart,2017-05-12,313796,33,spotify:user:1124177193,2020-02-26T21:21:34Z,,0.655,0.694,4,-8.193,0,0.0444,0.00702,0.00799,0.172,0.6,101.893,4,
159UnOpfxTsgH9eSDt7K8X,1xSJPHGAj5EOrbeUCbbUD9,Escape from New York,Won't Be Your Fool,Fire in My Heart,2017-05-12,321241,20,spotify:user:1124177193,2020-02-26T21:21:34Z,,0.658,0.729,1,-7.929,0,0.0531,0.0378,0.0145,0.585,0.963,99.563,4,
2Y6B7q0qyuvHsX7tFahPhB,4EF5vIcCYKMM61oYOG2Tqa,ESG,You're No Good,Dance to the Best of ESG,2010,193666,0,spotify:user:1124177193,2018-05-29T22:15:08Z,"dance-punk,experimental pop,no wave,post-punk",0.873,0.341,6,-11.273,0,0.0903,0.000335,0.193,0.106,0.334,114.584,4,
5d3uApMILRcc0notLcttmW,2YoCU6XUyfYTgi8xbTMwBF,Ettika,Ettika - Version maxi inédite,"Ettika (Version maxi inédite) [Extrait de la compilation France chébran: French Boogie (1982 - 1989), Vol. 2]",2018-05-07,523043,9,spotify:user:1124177193,2018-05-27T22:53:38Z,,0.692,0.894,10,-6.902,0,0.206,0.0149,0.0295,0.383,0.786,96.577,4,
5I4KgYOr1VnkbxD7TuleQJ,6EQNQjeMslKvAI1NvxB7qw,Eva Eva Eva,Tutto previsto,Donna Donna Donna,1977-08-01,334664,22,spotify:user:1124177193,2022-10-24T20:14:00Z,,0.663,0.61,9,-9.93,0,0.0824,0.167,0.187,0.0493,0.931,91.231,4,
6dg4aPdxiGcFw9pOqV4XfP,2enKa9Yqr6PZy3xGlxQEu7,Exile,Kiss You All Over (Re-Recorded),Sex In The City,2008-01-01,209763,0,spotify:user:1124177193,2014-03-13T00:01:56Z,yacht rock,0.693,0.467,0,-9.778,1,0.025,0.381,0.00000796,0.365,0.511,102.44,4,
1bbiACACwaKBY6I7kQbmnb,00WeoVQbYetdrq9rbkVoLj,Exuma,"Exuma, The Obeah Man","Exuma, The Obeah Man",1970-01-01,377560,2,spotify:user:1124177193,2018-05-26T13:20:10Z,"bahamian folk,freak folk",0.491,0.894,10,-6.965,0,0.25,0.0238,0,0.125,0.378,114.246,4,
5UUEdxyS5oIQL2Ae2L8Aqj,0lWTtFivq5smYypzuYKrvq,Falcons,Perdido en El Universo,Perdido en El Universo,2021-11-12,328093,4,spotify:user:1124177193,2023-05-20T18:46:10Z,,0.696,0.539,9,-8.94,0,0.0341,0.222,0.817,0.114,0.632,89.702,4,
12imRWxEvFnoi5aR6ctO5E,6PWU6JQvvYv5sz5FOODHg6,Fatback Band,The Girl Is Fine (So Fine),Hustle! The Ultimate Fatback,2003-03-31,214706,11,spotify:user:1124177193,2023-05-20T19:21:37Z,"classic soul,disco,funk,harlem hip hop,jazz funk,p funk,post-disco",0.748,0.685,0,-7.403,1,0.0559,0.00473,0.153,0.123,0.855,106.907,4,
4d13F7qX5Go4WmztzEzZDx,5CG9X521RDFWCuAhlo6QoR,Fela Kuti,Ye Ye De Smell,Fela With Ginger Baker Live!,1971-01-01,795893,23,spotify:user:1124177193,2023-05-20T17:52:45Z,"afrobeat,afropop,world",0.565,0.968,10,-7.24,1,0.0701,0.0888,0.409,0.858,0.507,116.745,4,
1SnfOifThD773NMHoh6FuK,4rC8J4M4aOqsQSCP4yoyJI,Felix Da Housecat,Silver Screen (Shower Scene),Renaissance - The Mix Collection,2012-07-24,282607,0,spotify:user:1124177193,2014-03-12T22:52:46Z,"acid house,alternative dance,big beat,chicago house,electroclash,filter house,new rave",0.818,0.751,9,-8.414,1,0.33,0.000301,0.284,0.116,0.42,120.989,4,
6NeWfJtmJQvv9vqveDuaFy,7tqYLHfwfsXiXdFtMIds2K,Fern Kinney,Baby Let Me Kiss You,Groove Me,1979-03-15,498266,34,spotify:user:1124177193,2018-05-26T16:00:13Z,,0.794,0.387,8,-15.471,1,0.0462,0.0329,0.0153,0.1,0.819,165.725,4,
6sge6MLnuAJmfwnijRKfby,7KTO91XAp6dMYyJWMPAeRv,Fernando,Search Of Indigo,Search of Indigo EP,2018-02-23,327000,3,spotify:user:1124177193,2023-05-17T14:17:19Z,,0.739,0.581,6,-10.923,0,0.0704,0.00742,0.564,0.0799,0.677,100.993,4,
3N7kECjZFZt9Stc8fK9sUy,7KTO91XAp6dMYyJWMPAeRv,Fernando,Natural 77,Search of Indigo EP,2018-02-23,346434,7,spotify:user:1124177193,2022-09-07T19:25:08Z,,0.843,0.501,0,-11.308,1,0.0513,0.0246,0.835,0.0977,0.893,102.988,4,
6InkUn4bo6xzoaMbgJa5UN,0MhUmkY2Y3SGSCBBFJUCPa,Ferrara,Love Attack,Wuthering Heights,1979-01-01,348066,24,spotify:user:1124177193,2022-03-31T20:58:30Z,,0.834,0.719,7,-13.566,1,0.146,0.00275,0.00132,0.361,0.694,131.658,4,
0HDx31VUS49R8GcR3Prb6T,20v3nhzoeaO2WvDSCdY0f4,First Choice,Doctor Love,Greatest Disco Extended,2013-08-12,457226,0,spotify:user:1124177193,2014-03-12T22:59:11Z,"disco,philly soul,post-disco",0.527,0.834,0,-6.722,0,0.0467,0.0136,0.0022,0.272,0.727,118.97,4,
3vyKSb9sAdXl0kQ1KnS9fY,5R7K1GezC0jy24v1R2n4x3,Fischerspooner,Emerge,#1,2003-01-01,288306,47,spotify:user:1124177193,2023-04-18T08:16:52Z,"alternative dance,dance-punk,electroclash,electrofox,electronica,indietronica,neo-synthpop,new rave",0.607,0.734,10,-7.622,1,0.0445,0.0906,0.812,0.0925,0.569,147.941,4,
2OvJdkFWvFqNsb9SiXpJX8,573nSltoBinkbQXk5JSY9U,Flash and the Pan,Midnight Man - Vintage 12,Midnight Man,1984-01-01,416947,0,spotify:user:1124177193,2018-05-26T13:10:08Z,,0.718,0.527,5,-11.406,0,0.04,0.000684,0.0262,0.0542,0.862,119.987,4,
5wHtJ5alTrEeJuuZsINS6T,"1lc8mnyGrCLtPhCoWjRxjM,3it7AeHVfXdby9tbwEwE3f","Flight Facilities,Owl Eyes",Heart Attack - Snakehips Remix,Heart Attack (Remixes),2015-10-07,198581,0,spotify:user:1124177193,2018-05-29T21:55:24Z,"aussietronica,australian dance,australian indie,indietronica,nu disco,australian alternative pop",0.798,0.681,8,-6.723,1,0.0888,0.556,0.00000629,0.0944,0.478,129.979,4,
1l3K4IPHiL7IHfLMbDreHW,0RBnTX5xoVa1bDYt9Qbies,Floorplan,We Magnify His Name,Sanctified EP,2011-08-22,555326,36,spotify:user:1124177193,2015-09-12T16:23:29Z,"chicago house,classic house,deep house,float house,techno",0.693,0.915,0,-6.321,1,0.0367,0.0000889,0.0197,0.0579,0.549,125.128,4,
2SHfsvx6kgQnbWD1us8RGp,"3SXwqSqAoBz9WCI9PDQzY6,43mWhBXSflupNLuNjM5vff","Fontaines D.C.,Soulwax",A Hero's Death - Soulwax Remix,A Hero's Death (Soulwax Remix),2021-01-19,269540,40,spotify:user:1124177193,2022-10-24T14:40:51Z,"crank wave,irish indie rock,irish post-punk,alternative dance,belgian electronic,belgian indie,belgian indie rock,belgian rock,electronica,filter house,ghent indie,mashup",0.705,0.812,10,-8.08,0,0.0361,0.00158,0.000514,0.103,0.611,109.976,4,
4gCMda9LhZWdTvAkRFr4up,3EyQcW8ccZDVYK9fTlLtoX,Fox,S-S-S-Single Bed,Blue Hotel,1977-01-01,232946,32,spotify:user:1124177193,2023-05-20T18:18:17Z,,0.767,0.846,10,-9.014,0,0.0658,0.0554,0.000044,0.0436,0.911,103.703,4,
26HIVgWelirWtHKmZASjAH,6HNYPrYPF6UzZhVFu2sLeh,FPI Project,Risky - Original Mix,FPI Project - The Best Of (Kings Of Italo Disco),2013-05-09,321346,23,spotify:user:1124177193,2016-05-01T18:19:21Z,"classic house,diva house,hip house,italo house,piano house",0.66,0.926,4,-6.962,0,0.0479,0.0542,0.152,0.0889,0.896,120.686,4,
7hw0JO861loyrhpjSqp6tf,6HNYPrYPF6UzZhVFu2sLeh,FPI Project,Rich In Paradise (Going Back To My Roots) - Vocal Remix,FPI Project - The Best Of (Kings Of Italo Disco),2013-05-09,351373,21,spotify:user:1124177193,2016-05-01T18:19:14Z,"classic house,diva house,hip house,italo house,piano house",0.692,0.938,11,-6.25,0,0.0529,0.205,0.0065,0.281,0.71,118.578,4,
5p6xL3c8dZF4uZiXrhSl99,6HNYPrYPF6UzZhVFu2sLeh,FPI Project,Everybody (All Over The World) - Dance Version,FPI Project - The Best Of (Kings Of Italo Disco),2013-05-09,313813,22,spotify:user:1124177193,2016-05-01T18:19:36Z,"classic house,diva house,hip house,italo house,piano house",0.778,0.842,2,-8.897,1,0.0567,0.0345,0.176,0.0488,0.788,121.974,4,
003ykc4d5MQSGiPEWsS02p,6b3eaRragnwUwBRZg5HUBE,Francis The Great,Look up in the Sky (Négro Nature),Ravissante Baby (Negro Phasing),2015-02-06,769637,0,spotify:user:1124177193,2015-09-12T22:49:35Z,,0.6,0.852,9,-9.851,0,0.0482,0.606,0.204,0.238,0.863,107.096,4,
3RluF0PdGNh7mxhTFyA1Su,63yl9nDNrHpiAYGlNJxxjc,Frankie Knuckles,Baby Wants to Ride,Baby Wants to Ride,2018,512320,16,spotify:user:1124177193,2022-10-24T20:56:37Z,"acid house,chicago house,classic house,deep house,diva house",0.804,0.653,7,-9.913,1,0.0589,0.0102,0.312,0.373,0.779,132.645,4,
67Ew1MhI60gIn7A6Z0d996,"63yl9nDNrHpiAYGlNJxxjc,5obQFNrkFoWB51hm1JTHMw","Frankie Knuckles,Jamie Principle",Baby Wants to Ride,The Original Chicago House Classics,2002-03-25,514573,0,spotify:user:1124177193,2014-03-09T17:22:29Z,"acid house,chicago house,classic house,deep house,diva house",0.773,0.758,7,-9.074,1,0.0972,0.00722,0.305,0.37,0.732,132.571,4,
1jLiddsiLT3DSCLsK092hs,"7y97mc3bZRFXzT2szRM4L4,6MYTh67wB2kwcyewyzhWEn","Frédéric Chopin,Novi Singers","Mazurka in A Minor, Op. 17: No. 4",Novi Sing Chopin,2010-06-23,245440,6,spotify:user:1124177193,2022-10-24T13:41:47Z,"classical,early romantic era,polish classical,polish jazz",0.311,0.196,9,-11.59,0,0.0369,0.931,0.000351,0.128,0.138,86.06,4,
34Cqn29NYVMwyU0lGKKMpR,"6RU8a6xLRtKJckACb5wf5D,3rFseQByJarnwRWI6dr3w8","Frits Wentink,Loes Jongerling",Nevertheless,"Rarely Pure, Never Simple",2015-03-12,227528,3,spotify:user:1124177193,2018-05-29T21:53:44Z,"deep soul house,dutch tech house,float house,future garage,minimal tech house",0.48,0.381,10,-11.327,0,0.0455,0.817,0.148,0.138,0.169,121.725,4,
1Q1m89X4BOSSwECCADR8y4,"6RU8a6xLRtKJckACb5wf5D,3rFseQByJarnwRWI6dr3w8","Frits Wentink,Loes Jongerling",In Addition,"Rarely Pure, Never Simple",2015-03-12,125180,2,spotify:user:1124177193,2018-05-29T21:53:56Z,"deep soul house,dutch tech house,float house,future garage,minimal tech house",0.633,0.268,2,-14.129,1,0.0725,0.306,0.596,0.113,0.118,61.966,4,
1vERMD4Q3l81FrpXOuSMvN,"6RU8a6xLRtKJckACb5wf5D,3rFseQByJarnwRWI6dr3w8","Frits Wentink,Loes Jongerling","Rarely Pure, Never Simple - Club Edit",Rarely Pure Never Simple (Club Edits),2016-04-18,354037,7,spotify:user:1124177193,2018-05-29T21:53:12Z,"deep soul house,dutch tech house,float house,future garage,minimal tech house",0.951,0.601,7,-10.174,1,0.221,0.00383,0.238,0.403,0.515,119.999,4,
6efDTXDlM5c9YHsJK2ML1k,"6RU8a6xLRtKJckACb5wf5D,3rFseQByJarnwRWI6dr3w8","Frits Wentink,Loes Jongerling",In Addition - Club Edit,Rarely Pure Never Simple (Club Edits),2016-04-18,358060,1,spotify:user:1124177193,2019-08-23T17:09:25Z,"deep soul house,dutch tech house,float house,future garage,minimal tech house",0.956,0.786,11,-8.683,0,0.19,0.0506,0.791,0.103,0.566,119.989,4,
5jiv1Sg0xQPbJ3NdhJJwq1,1dmEUAQBopYUrsMnQnScWL,Fun Boy Three,Our Lips Are Sealed,Pure 80s Pop,2008-06-13,171640,0,spotify:user:1124177193,2014-03-12T22:53:39Z,"new romantic,new wave,new wave pop,ska revival",0.724,0.654,0,-11.659,1,0.0339,0.722,0.00467,0.166,0.907,125.606,4,
1x2ImG7SOK2kOEti8UmsLG,1dmEUAQBopYUrsMnQnScWL,Fun Boy Three,"Faith, Hope and Charity",Fun Boy Three,1982-03-20,170200,23,spotify:user:1124177193,2023-05-17T14:25:09Z,"new romantic,new wave,new wave pop,ska revival",0.855,0.395,7,-12.889,1,0.0683,0.0114,0.0379,0.0719,0.415,111.273,4,
7uQpGx4tXAvgJX4N4pKtwn,52054zD3C8MIKp4AKUdP6T,Gaffa,Attitude Dancing (Land Of A 1000 Dunces),Tribal Rites,2017-11-03,181000,7,spotify:user:1124177193,2023-10-23T09:58:22Z,,0.879,0.781,9,-9.736,1,0.0621,0.00229,0.00106,0.103,0.771,111.894,4,
5vVuiXoHyRGxJeCaHUpgae,3z6Uf5IZkN4TogRpRpgD84,Gary Wright,Love Is Alive,The Dream Weaver,1975,230106,51,spotify:user:1124177193,2023-05-17T14:17:52Z,"album rock,classic rock,soft rock,yacht rock",0.77,0.553,10,-13.632,1,0.0268,0.0614,0.00106,0.103,0.904,98.346,4,
2ArxhDWX5gHQzY4zlY4sky,3lkvPuFo1qlcJZvB3h44Mj,Gaznevada,I.c. Love Affair - Italian Version,Italo Disco Party (30 Classics from Italian Records),2011-09-26,388386,0,spotify:user:1124177193,2018-06-01T19:14:20Z,"italian new wave,italian post-punk,italo disco",0.762,0.405,11,-15.169,0,0.0533,0.233,0.735,0.113,0.794,107.909,4,
6hABjmuPOG9Sqajhz1k3XG,3lkvPuFo1qlcJZvB3h44Mj,Gaznevada,Special Agent Man - Female Version,Italo Disco Party (30 Classics from Italian Records),2011-09-26,438026,0,spotify:user:1124177193,2018-06-01T19:14:29Z,"italian new wave,italian post-punk,italo disco",0.794,0.636,4,-9.03,0,0.069,0.000363,0.221,0.301,0.379,99.981,4,
0iI2fbR06lKJE6wSYmYQch,4N8BwYTEC6XqykGvXXlmfv,George Benson,On Broadway - Live,Weekend in L.A.,1978-01-01,606693,30,spotify:user:1124177193,2014-06-25T22:35:08Z,"jazz funk,jazz guitar,smooth jazz,soul jazz,yacht rock",0.725,0.322,10,-18.196,0,0.0594,0.261,0.0178,0.941,0.824,117.091,4,
6fAADiK2jnjdm5QRI7hSYc,7FIoB5PHdrMZVC3q2HE5MS,George Harrison,When We Was Fab - Remastered 2004,Cloud Nine,1987-11-02,239853,0,spotify:user:1124177193,2022-10-25T11:00:35Z,"album rock,classic rock,folk rock,mellow gold,rock,singer-songwriter,soft rock",0.507,0.6,5,-9.088,1,0.0236,0.59,0.00408,0.291,0.387,92.416,4,
6XjokX8TAAYrxXG0CwRflW,2DB5RDBYBEwaqLp7SADBEN,Ghosts of Venice,Feel the Heat,Feel the Heat,2014-10-27,394434,26,spotify:user:1124177193,2023-10-21T17:14:01Z,,0.786,0.562,7,-9.816,0,0.0348,0.0113,0.483,0.0448,0.918,114.976,4,
0lT73uLw3oDM1i5SI9xe4g,3YTbp0GPG1tXYidebUxGRH,Gichy Dan,Cowboys & Gangsters (Social Disco Club Edit),Seize the Beat - EP,2007-07-01,441325,0,spotify:user:1124177193,2015-09-12T16:21:57Z,,0.656,0.894,10,-6.857,1,0.144,0.0356,0.00000266,0.0866,0.692,125.415,4,
0nVUAj0VwYuN7vPWduhykM,3YTbp0GPG1tXYidebUxGRH,Gichy Dan,A Day Like Today - Todd Terje « Friendly Children » Edit,Zevolution # 1 - Ze Edits Redux Album,2009-01-01,301133,15,spotify:user:1124177193,2018-06-01T19:14:50Z,,0.748,0.673,11,-12.566,1,0.0813,0.0343,0.855,0.0501,0.889,124.505,4,
7lvOrwqOV3N63ZQPpl5seo,4JjNlHkcMlgc9QYEetddoo,Gina X Performance,Nice Mover,Nice Mover,1979,274120,42,spotify:user:1124177193,2018-05-26T16:10:56Z,"dance rock,early synthpop,minimal wave,synthpop",0.518,0.537,6,-12.439,0,0.0282,0.00137,0.00074,0.371,0.579,81.057,4,
7J3V2oQUCPjEOOEnmG7VZO,"4PHBNeQGOd1XDN7WYSj4yw,7J8oqeWRUdw6sorrUWysTB","Gingy,Bordello",Body Acid,Twin Turbo 004 - Body Acid,2011-11-15,435327,0,spotify:user:1124177193,2014-03-13T00:02:25Z,electro trash,0.794,0.483,10,-12.071,0,0.0639,0.05,0.899,0.102,0.195,126,4,
0BUh8s6MBv94W27PuJn0J0,3q2AjYY7FmiMh29bKki4EE,Gino Soccio,Remember,Face To Face,1982,395200,22,spotify:user:1124177193,2023-10-26T08:14:46Z,italo disco,0.499,0.506,9,-16.778,0,0.149,0.0000165,0.941,0.0784,0.353,186.328,3,
1VPmeKAZHB1byxOEgRJOA3,6jU2Tt13MmXYk0ZBv1KmfO,Giorgio Moroder,Chase,Midnight Express (Soundtrack),1978-10-06,509840,0,spotify:user:1124177193,2014-06-25T22:05:55Z,disco,0.638,0.632,7,-13.383,0,0.0297,0.00133,0.803,0.0657,0.965,125.373,4,
4TmiZwHg4zTOBWmBQokS0X,6jU2Tt13MmXYk0ZBv1KmfO,Giorgio Moroder,Valley Of The Dolls,Foxes,1980-02-01,619994,3,spotify:user:1124177193,2023-05-17T14:27:21Z,disco,0.714,0.709,0,-12.107,0,0.0299,0.0244,0.672,0.0797,0.789,134.106,4,
7ittLUDd0TOp9E8WbaLuPc,6DLlPixr1rEMhQKknBDHXx,Golden Teacher,Party People,Party People/Love,2014,430222,1,spotify:user:1124177193,2023-05-20T18:24:56Z,experimental pop,0.684,0.931,11,-8.477,1,0.0552,0.0434,0.152,0.0821,0.764,116.316,4,
7HHY4YCpmFUonTtMgJddC8,2f9ZiYA2ic1r1voObUimdd,Grace Jones,Don't Cry - It's Only The Rhythm,Slave To The Rhythm,1985,174280,0,spotify:user:1124177193,2019-08-10T12:16:15Z,art pop,0.482,0.236,1,-23.678,1,0.044,0.126,0.00794,0.202,0.448,97.788,4,
3di2SUB3jU1v5HPQCkc84L,2f9ZiYA2ic1r1voObUimdd,Grace Jones,Slave To The Rhythm - Hot Blooded Version,Private Life: The Compass Point Sessions,1998-01-01,498840,44,spotify:user:1124177193,2019-08-10T12:15:56Z,art pop,0.595,0.836,1,-6.917,1,0.0358,0.0603,0.0477,0.326,0.628,97.095,4,
06y36kdfXjvjCh2Xakjxpk,2f9ZiYA2ic1r1voObUimdd,Grace Jones,Pull Up To The Bumper,Nightclubbing,1981,281533,0,spotify:user:1124177193,2014-03-12T22:53:21Z,art pop,0.843,0.796,7,-11.002,1,0.0843,0.174,0.0156,0.0883,0.824,108.701,4,
1hB9h9gSkExRqCgpjNa9bh,3VYtEte4thJdbhLZTaXk4r,Guy Buffet,Astronut Communications,Télé80 - Super Souris,2012-09-24,175933,0,spotify:user:1124177193,2014-03-12T23:38:26Z,,0.694,0.912,0,-7.746,1,0.0392,0.841,0.932,0.339,0.874,105.139,4,
0asXbtAWaSjeOFqiTFpDqB,1yejR2Tszo9sGMXtmuq07K,Harald Grosskopf,Emphasis,Synthesist,1980,299266,15,spotify:user:1124177193,2023-05-01T19:09:09Z,"berlin school,krautrock",0.481,0.639,11,-9.845,1,0.0405,0.00199,0.721,0.216,0.818,165.647,4,
0fYbhMj96zG9fpUK10e8kB,438JBZR1AR0l04AzcYW9gy,Harold Melvin & The Blue Notes,Don't Leave Me This Way,The Best Of Harold Melvin & The Blue Notes: If You Don't Know Me By Now (Featuring Teddy Pendergrass) (feat. Teddy Pendergrass),1995-02-28,366573,0,spotify:user:1124177193,2014-03-14T07:56:48Z,"classic soul,disco,funk,philly soul,quiet storm,soul,southern soul",0.472,0.679,0,-9.961,1,0.0623,0.403,0.00000102,0.109,0.544,120.197,4,
0X7PLJ41AQqh6qVTK8XW01,438JBZR1AR0l04AzcYW9gy,Harold Melvin & The Blue Notes,Don't Leave Me This Way,Satisfaction Guaranteed - The Best Of Harold Melvin & The Bluenotes,1992-12-22,234866,34,spotify:user:1124177193,2023-10-24T17:45:29Z,"classic soul,disco,funk,philly soul,quiet storm,soul,southern soul",0.484,0.657,0,-10.273,1,0.0652,0.468,0,0.196,0.712,119.333,4,
5Dy7QcvlxYpXmB32t2K9T2,"438JBZR1AR0l04AzcYW9gy,5Il27M5JXuQLgwDgVrQMgo","Harold Melvin & The Blue Notes,Dimitri From Paris",Tell The World How I Feel About 'Cha Baby - A Dimitri From Paris Disco Re-Edit,Philadelphia International Records: Dimitri From Paris Remixes,2021-12-10,386613,9,spotify:user:1124177193,2023-05-20T19:05:44Z,"classic soul,disco,funk,philly soul,quiet storm,soul,southern soul,disco house",0.727,0.889,8,-7.46,1,0.0638,0.000263,0.525,0.0295,0.675,127.005,4,
6Kx8BnlhpywATbzjFNKgW1,10Fca2EVMtAgqeake2sQLV,Harry Thumann,Underwater Original Version 1979,Underwater from the Album: (American Express) Included in the Game: Grand Theft Auto,1979-01-01,365360,32,spotify:user:1124177193,2014-03-09T17:38:35Z,,0.611,0.857,5,-10.03,1,0.0536,0.00291,0.911,0.0715,0.835,130.456,4,
4PRRexgUWm72BXvDyWEQ2X,370nbSkMB9kDWyTypwWYak,Haruomi Hosono,L.D.K. (2019 Remastering),Philharmony,1978,230800,15,spotify:user:1124177193,2023-05-01T19:31:19Z,"classic j-rock,japanese folk,japanese psychedelic,japanese singer-songwriter,japanese soundtrack,proto-techno",0.701,0.975,2,-3.87,1,0.0424,0.00333,0.0157,0.152,0.941,103.241,4,
7wK3vFraZXIjVxOqObajAL,370nbSkMB9kDWyTypwWYak,Haruomi Hosono,スポーツマン (2019 Remastering),Philharmony,1978,245960,40,spotify:user:1124177193,2023-05-01T19:34:07Z,"classic j-rock,japanese folk,japanese psychedelic,japanese singer-songwriter,japanese soundtrack,proto-techno",0.81,0.842,2,-4.306,1,0.0518,0.0607,0,0.0596,0.82,108.865,4,
7swKrYSJ4a4Pkahr94cQl2,4CxFlJDif0atTK3gZebcEf,Harvey Sutherland,Bermuda,Bermuda EP,2015-07-03,397214,0,spotify:user:1124177193,2018-05-29T22:13:18Z,"australian house,deep house,float house",0.718,0.54,7,-7.594,0,0.0457,0.0494,0.0279,0.0832,0.243,119.988,4,
0SaFPGHfRgTVsnJPg8DgLf,2jK54ZlZhTF1TxygsVeR05,Hawkwind,Silver Machine,Silver Machine,2010-06-21,309120,5,spotify:user:1124177193,2014-03-09T17:32:02Z,"canterbury scene,hard rock,proto-metal,protopunk,psychedelic rock,space rock",0.282,0.851,9,-13.961,1,0.0898,0.0188,0.00166,0.848,0.153,145.248,4,
0LCxyl17PXOOnKIvJQiwqV,35nCHjNmrXypTkskdFzuwB,He Said,Pump,Hail,1986-01-01,370181,14,spotify:user:1124177193,2022-09-07T19:32:54Z,uk post-punk,0.655,0.214,2,-22.493,1,0.0335,0.375,0.818,0.0585,0.519,100.01,4,
4sUlsy0tPv9n5nqrqeA0lE,34jw2BbxjoYalTp8cJFCPv,Heart,Magic Man,Dreamboat Annie,1975,328360,59,spotify:user:1124177193,2014-03-14T07:58:46Z,"album rock,classic rock,glam metal,hard rock,mellow gold,new wave pop,rock,singer-songwriter,soft rock",0.435,0.444,0,-12.816,1,0.0336,0.159,0.000697,0.457,0.734,103.817,4,
6YflBeRB7inYcdDV8GX2aV,2OaY86yayVIlsfGwLMnbC2,Heliotropes,War Isn't Over,Over There That Way,2016-07-15,217581,0,spotify:user:1124177193,2018-05-29T21:54:30Z,brooklyn indie,0.268,0.958,9,-5.599,1,0.061,0.0000082,0.607,0.165,0.366,152.866,4,
1dthDiwJF0XoCYVVVKvAja,"5W2I7oOQuYEZk4VOEzgp5w,6E7SbenCPEit9gDFnMlDUA","Henri-Pierre Noel,The Reflex",Diskette - The Reflex Revision,"The Craig Charles Funk & Soul Club, Vol. 3",2014-11-24,274653,4,spotify:user:1124177193,2016-05-01T18:17:07Z,,0.802,0.869,9,-8.05,1,0.046,0.0074,0.875,0.15,0.95,122.027,4,
1TsmHRIXvMTLP7Vu53XsUV,1PqdKx88nAgPolRy079lMl,Herb Alpert,Rise,Rise,1979-09-01,457400,53,spotify:user:1124177193,2022-09-07T18:20:37Z,jazz trumpet,0.814,0.453,10,-10.802,1,0.0412,0.134,0.834,0.0879,0.903,99.265,4,
61l1IZVCE3gk6RHFRtH01c,1PqdKx88nAgPolRy079lMl,Herb Alpert,Rotation,Rise,1979-09-01,311413,0,spotify:user:1124177193,2018-05-29T22:05:56Z,jazz trumpet,0.826,0.469,8,-13.957,1,0.0709,0.237,0.944,0.0429,0.475,104.923,4,
3UEbbzmCbmRrDoyOzFu8d2,58nPlJ5CNYu0nGLOuE1Uuk,Holger Czukay,Cool in the Pool,Movie,1979-01-01,303666,15,spotify:user:1124177193,2022-10-25T11:01:09Z,"krautrock,rock keyboard",0.767,0.433,9,-13.231,0,0.0639,0.274,0.00347,0.0718,0.917,108.812,4,
1TuopWDIuDi1553081zvuU,591B30rR0fT2JeE9zXPPwu,Home,Resonance,Odyssey,2014-07-01,212881,1,spotify:user:1124177193,2018-05-29T22:12:48Z,,0.567,0.743,8,-8.614,1,0.0626,0.0356,0.847,0.221,0.423,170.083,5,
0Sv6JRVeMdvSOZbdcm2ZSU,2ieAXAuLe6qQ3RJsqCxpoC,Horace Andy,Problems,In The Light,1977,250200,11,spotify:user:1124177193,2018-05-29T22:14:02Z,"dub,reggae,roots reggae",0.828,0.631,4,-8.715,0,0.0435,0.142,0.178,0.142,0.943,135.165,4,
6VhwtuVQfEIPUJesxlj1x4,37uLId6Z5ZXCx19vuruvv5,Hot Chip,Huarache Lights - Soulwax Remix,Huarache Lights (Soulwax Remix),2015-10-02,343818,0,spotify:user:1124177193,2015-10-10T14:25:17Z,"alternative dance,dance rock,electronica,indie rock,indietronica,neo-synthpop,new rave",0.708,0.722,2,-8.385,1,0.0454,0.00604,0.611,0.0837,0.668,113.499,4,
6m5D7zGVbzAxceDXQTsRSX,37uLId6Z5ZXCx19vuruvv5,Hot Chip,Over And Over,The Warning,2006-05-19,347880,0,spotify:user:1124177193,2018-05-29T22:12:39Z,"alternative dance,dance rock,electronica,indie rock,indietronica,neo-synthpop,new rave",0.774,0.794,5,-4.446,0,0.0358,0.00824,0.00317,0.08,0.724,120.002,4,
6qNa9AhOat3HHYWF0L7J7F,72VzFto8DYvKHocaHYNWSi,Hot Chocolate,Every 1's a Winner,The Very Best of Hot Chocolate,1987-02-09,243200,38,spotify:user:1124177193,2014-10-11T22:54:41Z,disco,0.712,0.546,10,-8.292,1,0.0316,0.153,0.0186,0.119,0.912,107.936,4,
4AH85oQ7khRqmzPEYO7MJd,72VzFto8DYvKHocaHYNWSi,Hot Chocolate,Mindless Boogie - 2011 Remaster,Going Through the Motions,1979,536786,14,spotify:user:1124177193,2018-05-26T13:27:18Z,disco,0.768,0.728,10,-5.795,1,0.0343,0.111,0.188,0.127,0.761,112.319,4,
1WJ96y5wT3gQdrDGXEU2ZP,163htIH0QGu4ZDcR7B0aUW,Hot Toddy,Down to Love,Late Night Boogie,2010-09-21,393666,37,spotify:user:1124177193,2018-05-29T21:55:42Z,"balearic,nu disco",0.843,0.457,10,-10.928,0,0.059,0.0179,0.00352,0.0633,0.403,110.003,4,
2HUZVffVPXvqnrml0gXggp,0Wxy5Qka8BN9crcFkiAxSR,Howlin' Wolf,Smokestack Lightnin',Moanin' In The Moonlight,1958-03-01,188400,60,spotify:user:1124177193,2023-05-01T19:10:19Z,"acoustic blues,blues,chicago blues,delta blues,harmonica blues,memphis blues,traditional blues",0.661,0.342,9,-16.361,0,0.043,0.844,0.000128,0.26,0.588,146.118,4,
6THJdDeXFkpNjDUu0aQQ7Q,1GHJ2yDZhTLodOfqimd6ZK,Hush Moss,It Takes A Lot,It Takes A Lot,2016-09-16,238830,19,spotify:user:1124177193,2018-05-29T22:05:45Z,synth funk,0.678,0.676,5,-10.092,1,0.0365,0.391,0.596,0.354,0.921,106.997,4,
5lsoXJa0rZftT3xetctRXL,0tEu1R96F6E2aMVAm8dW0T,Idjut Boys,Schlagstock - Vacant Gaze Version,Dumme Willie,2022-04-22,252690,2,spotify:user:1124177193,2022-10-24T20:14:00Z,"balearic,nu disco",0.795,0.9,4,-12.276,0,0.052,0.00555,0.912,0.0741,0.382,121.003,4,
4bIquy10y0aRsfpXKGWXE0,2CkhxuagMCG9uvlbKm5G3m,Imagination,Just An Illusion,"Smash Soul & R&B Hits, Vol 2",2012-06-28,387866,0,spotify:user:1124177193,2014-10-11T22:47:29Z,"brit funk,disco,post-disco",0.746,0.548,11,-10.506,0,0.0334,0.309,0.169,0.0594,0.684,105.13,4,
4XUfsvmlxoBC1tzGesk9oT,2CkhxuagMCG9uvlbKm5G3m,Imagination,Music and Lights,Flashback: The Very Best of Imagination,2013-10-04,320560,0,spotify:user:1124177193,2014-03-13T00:28:00Z,"brit funk,disco,post-disco",0.76,0.657,4,-6.372,0,0.036,0.525,0.0361,0.419,0.662,99.941,4,
5QrEsw86mZwwit5agsBCUc,7JmWc7RWsx9ga8HNet7sjx,In Flagranti,Business Acumen,It's All Rubbish,2008-05-06,356133,19,spotify:user:1124177193,2022-10-26T17:52:43Z,"balearic,electrofox,nu disco",0.808,0.892,9,-7.395,1,0.0545,0.000434,0.878,0.106,0.3,122.007,4,
3h04eZTnmFLRMjZajbrp2R,1eClJfHLoDI4rZe5HxzBFv,INXS,Need You Tonight,Kick (Remastered 2011),1987,181106,71,spotify:user:1124177193,2023-10-26T08:09:45Z,"album rock,australian rock,dance rock,funk rock,new romantic,new wave,rock",0.795,0.63,10,-7.217,0,0.084,0.0419,0.573,0.0894,0.785,108.701,4,
16sZPGBlXEQ78g7vNEhCBf,2zrg9fdTxZbnXD6T2DQrwq,Isabelle Mayereau,On a trouve,Parcours,2016-04-22,166226,8,spotify:user:1124177193,2018-05-29T22:09:36Z,,0.713,0.534,4,-12.375,0,0.191,0.0206,0.146,0.0908,0.158,197.155,4,
6UOGpVbwfDojrjX5EPXSxs,06nsZ3qSOYZ2hPVIMcr1IN,J.J. Cale,After Midnight,Classic J.J. Cale - The Universal Masters Collection,1999-01-01,142360,32,spotify:user:1124177193,2015-09-12T23:02:35Z,"blues,blues rock,folk rock,roots rock,singer-songwriter",0.662,0.411,2,-15.462,1,0.0314,0.168,0.334,0.147,0.512,97.432,4,
6oXNTG0vcsWYpKlT9tYA1s,2GZZG4ewlqgh8QE4jk4uF7,Jackey Beavers,Mr Bump Man (Give Me a Hand),Lover Come Back,2015-03-02,152387,3,spotify:user:1124177193,2024-03-18T21:32:36Z,deep northern soul,0.777,0.359,10,-14.676,0,0.235,0.155,0.000145,0.0944,0.721,116.057,4,
60ov4QzUd0q3RjnWWdQgDM,4Kji3MhEP8eoODw7Z3bxAq,Jackson Jones,"I Feel Good, Put Your Pants On","I Feel Good, Out Your Pants On",2000,302360,23,spotify:user:1124177193,2015-09-12T16:22:50Z,,0.704,0.602,9,-8.395,0,0.0496,0.124,0.116,0.0693,0.616,109.673,4,
0iH8mLvpW15y7zLtMK6d8F,"5jhqwsWfRaETrWPWI0Rc7u,1X8wFHJFucBUmBc7spQ4jP","Jah Wobble,The Edge",Hold On To Your Dreams,Snake Charmer,1983-10-01,515960,13,spotify:user:1124177193,2023-05-01T19:32:23Z,"experimental dub,uk dub",0.694,0.704,2,-10.635,0,0.0474,0.414,0.257,0.0806,0.738,106.105,4,
2jpQwpzFu7K90H8GfWh3rG,3KdXVbHBzIC0KHvL2xD9NJ,Jalyn Lewis,Pinnacle,Jalyn Lewis,2022-04-15,203583,3,spotify:user:1124177193,2022-10-24T20:14:00Z,,0.633,0.448,1,-14.553,1,0.0983,0.0115,0.155,0.248,0.202,120.01,4,
29sQ6zSB0W1HaUj4J1rh4H,5hfOHpGMsi8O3DA0ROLGqF,James Gang,Funk #49,The Best Of Joe Walsh & The James Gang (1969-1974),1997-01-01,232906,9,spotify:user:1124177193,2019-08-23T17:09:25Z,"album rock,blues rock,classic rock,country rock,electric blues,folk rock,hard rock,mellow gold,southern rock",0.641,0.916,2,-10.843,1,0.0612,0.0566,0.815,0.0486,0.903,91.701,4,
7JBir4b22bGsEmlRAFyR95,15e0X6NuMsVuHi7AZhcfyI,James Holden,Gone Feral,The Inheritors,2013-06-24,383440,0,spotify:user:1124177193,2018-05-27T22:52:11Z,"electronica,intelligent dance music,microhouse,minimal techno,modular synth,uk experimental electronic",0.235,0.524,0,-9.407,1,0.0421,0.0345,0.777,0.343,0.0605,70.888,4,
4FdfLprz2GitHlJivk60q3,15e0X6NuMsVuHi7AZhcfyI,James Holden,Blackpool Late Eighties,The Inheritors,2013-06-24,518653,0,spotify:user:1124177193,2014-03-13T00:13:47Z,"electronica,intelligent dance music,microhouse,minimal techno,modular synth,uk experimental electronic",0.671,0.418,7,-10.144,1,0.0479,0.402,0.921,0.117,0.43,112.99,4,
33kFfp9eIh7dTcJfJI6Om6,5jpyAwEsD5SwG8bno6eCS8,James Righton,Touch,"Jim, I'm Still Here",2022-07-08,244853,6,spotify:user:1124177193,2022-10-24T20:14:00Z,,0.704,0.847,1,-7.81,1,0.0559,0.216,0.406,0.0775,0.697,98.01,4,
3T37jKtvQzNExmz3DuQNoz,1LkRvd0mF7sh56nyibirHw,Jan Hammer Group,Don't You Know,Melodies,1977-10-17,180077,38,spotify:user:1124177193,2018-05-26T16:03:37Z,eastern bloc groove,0.656,0.792,2,-7.121,1,0.0478,0.0688,0.654,0.091,0.498,93.804,4,
73oGQ4OvZSQoOIqFjto0ph,7vPXrGlSGukcwpaPxUfKKR,Japan,Life in Tokyo,The Collection,2009-07-24,210666,0,spotify:user:1124177193,2014-06-25T22:38:03Z,"melancholia,new romantic,new wave,synthpop",0.709,0.534,5,-9.443,1,0.0313,0.00104,0.000105,0.559,0.663,119.836,4,
6sXKIg0QSvFhmA5SESGlp4,7vPXrGlSGukcwpaPxUfKKR,Japan,Life In Tokyo (12) - 12,In Vogue,1996-09-27,378893,4,spotify:user:1124177193,2020-02-26T21:23:49Z,"melancholia,new romantic,new wave,synthpop",0.709,0.563,0,-13.239,1,0.0316,0.00347,0.00443,0.121,0.91,119.099,4,
4GSXKqgFojRdeTxBZql858,7vPXrGlSGukcwpaPxUfKKR,Japan,Visions Of China - 2003 Digital Remaster,Tin Drum,1981,219240,33,spotify:user:1124177193,2022-09-07T18:14:25Z,"melancholia,new romantic,new wave,synthpop",0.851,0.579,8,-9.466,0,0.0488,0.334,0.011,0.11,0.935,98.375,4,
5o63XXSCnte2qrXQfaFqLn,5SzgUF6HG0rix7dOgVzAFF,Jasper van't Hofs Pili Pili,Pili Pili,Post Scriptum,2003-12-22,944133,25,spotify:user:1124177193,2022-09-07T18:09:30Z,,0.619,0.717,1,-11.773,1,0.045,0.215,0.832,0.0767,0.766,169.659,4,
21GpxnPPlDDINYYJCxfjiK,2xVsrAmTyLeCvOvPqTo767,Jaydee,Plastic Dreams,In Order to Dance,2008-10-26,621293,0,spotify:user:1124177193,2014-03-09T17:21:54Z,classic house,0.767,0.622,0,-9.003,1,0.0418,0.119,0.426,0.0966,0.26,128.853,4,
6vUZUeiKYtaQnBCsNaMp5k,0rg3QFu87jzciqi8HBNzSW,Jayson Green & The Jerk,Local Jerk,Local Jerk / I Need Love,2024-01-12,305026,19,spotify:user:1124177193,2024-03-18T21:29:06Z,,0.853,0.846,5,-8.22,1,0.057,0.0162,0.164,0.414,0.727,107.334,4,
11rsK9GDZ9UdWsxtDqnMmN,2Asr5Otk5aKK272pK4ocG2,Jeanette,¿Porqué te vas?,Porque Te Vas,2011-03-11,201160,68,spotify:user:1124177193,2019-08-23T17:09:25Z,,0.612,0.458,0,-11.086,0,0.069,0.427,0.00000841,0.103,0.961,172.516,4,
6zXpwALcSNWHwe6E2UXsMM,0krzGydhDFtKBzeXNOqv7s,Jeanette Thomas,Shake Your Body,Jerome Derradji Presents 122 BPM: The Birth Of House Music,2012-07-16,309533,0,spotify:user:1124177193,2014-03-12T23:00:39Z,,0.746,0.643,8,-8.243,0,0.0467,0.0274,0.00379,0.0664,0.926,120.944,4,
,,Jeanette Thomas,Shake Your Body (House Shaker Version),Body & Soul - 15 Years,,293000,0,spotify:user:1124177193,2015-10-06T21:42:06Z,,,,,,,,,,,,,,
6mgxybO25orNWvpKs4PXi5,0htdZYZWApZoEKKMVzLTyO,Jee Day,Aura Go,Aura Go,2012-02-14,428448,0,spotify:user:1124177193,2016-05-01T18:01:41Z,,0.579,0.867,0,-6.017,1,0.037,0.00112,0.672,0.0685,0.795,121.004,4,
0eaPpD68MruYk3920DVZt9,7D8JcdoYdK70VgpoPTogbS,Jeff Britton & The Spitfires,Rub Out,Rub Out,1976,181994,1,spotify:user:1124177193,2024-03-18T21:28:06Z,,0.616,0.624,11,-15.667,0,0.0405,0.00169,0.913,0.234,0.495,104.177,4,
7MnAvtfVOKjerRaxMNQVSj,2xC14048q0gZ26xMJvZPpL,Jerry Williams,This Song,Gone,1979-06-15,240400,2,spotify:user:1124177193,2023-07-14T19:00:50Z,,0.434,0.182,4,-14.475,0,0.0264,0.67,0.000132,0.115,0.0964,83.487,4,
4Jaz0DXqEzzcNJGd6H2fbc,5HRSYURV6LFFRCjAtiK0py,Joe Simon,Love Vibration,Love Vibrations/Happy Birthday Baby,2008-07-07,310736,0,spotify:user:1124177193,2018-05-27T09:08:30Z,"philly soul,southern soul",0.765,0.663,11,-10.216,0,0.065,0.0875,0.0292,0.0893,0.962,112.864,4,
57J5xM0zYcAQDHIN9jEmXX,5TbXjzD8tYgMD5JU2g2F8q,Joe Tex,I Gotcha,"I Gotcha, The Best of Joe Tex , Volume One",2012-03-04,146800,0,spotify:user:1124177193,2014-10-11T22:53:50Z,"northern soul,southern soul",0.688,0.785,8,-11.28,1,0.604,0.209,0.000156,0.305,0.944,187.027,4,
00DgpLEbEGEZT2qimby2a7,4OW0w5K2UNaWtbpRqzWqI0,Joey Beltram,Energy Flash,Classics,1996,350813,0,spotify:user:1124177193,2014-03-09T17:26:13Z,"acid house,techno",0.72,0.583,8,-8.333,1,0.0409,0.000766,0.649,0.354,0.403,122.825,4,
4dPeRotVl2RhCnqQ0KvmO2,"5goS0v24Fc1ydjCKQRwtjM,6wSh0DWeb8h4SaclbgmXMs","Johann Strauss II,Westminster Concert Orchestra",The Blue Danube - Reprise,The Blue Danube - Strauss Favourites,2023-07-26,86493,7,spotify:user:1124177193,2023-10-23T10:19:44Z,"classical,late romantic era,operetta",0.247,0.106,8,-20.305,1,0.037,0.96,0.821,0.102,0.0963,96.593,4,
5sxEu6shgPETMFuXZ8ySxv,15KbeP35gI9t2vgYzwsTjj,John Kongos,I'm Dreaming (Any Moment I May Wake Up Screaming) - Mixed,fabric presents Danilo Plessow (MCDE) [DJ Mix],2021-05-28,267106,6,spotify:user:1124177193,2022-10-25T10:35:20Z,,0.774,0.659,2,-11.923,1,0.0582,0.0775,0.0871,0.276,0.745,123.708,3,
40N6bLKHcormj1J7LvUC7E,6uOZsbojy1SyLFb9MqfOPT,Johnny Harris,Odyssey (Pt. 1),Odyssey,2019-03-15,343441,22,spotify:user:1124177193,2023-05-20T18:13:15Z,,0.686,0.934,7,-6.597,1,0.0508,0.034,0.857,0.444,0.522,110.544,4,
4ZwDrrkqTL7dv52mGOo9L3,7s8sBDHfKZL7gFBtdObnTm,Johnny Wakelin,In Zaire,70s Super Hits,2017-03-01,197013,0,spotify:user:1124177193,2023-02-22T23:14:36Z,,0.67,0.847,7,-8.346,1,0.091,0.0381,0.0000229,0.0646,0.618,100.363,4,
1cQtUV2Ef2qtLpvc7HfYwX,6dIbeFjyyIrlLFsMzeAvpi,Jolly Music,Radio Jolly - Radio Edit,Radio Jolly,2002-06-24,188786,0,spotify:user:1124177193,2014-03-21T00:13:51Z,,0.712,0.94,1,-6.202,1,0.0663,0.0121,0.246,0.247,0.942,113.783,4,
6zdjJgA9y481fNz37ycdip,5gS1uXayWA0WJPgcRqNIae,Jon & Vangelis,State Of Independence - Remastered,The Friends Of Mister Cairo (Remastered),1981-07-01,473840,27,spotify:user:1124177193,2023-04-19T20:03:45Z,"art rock,progressive rock,symphonic rock",0.674,0.694,1,-12.507,1,0.146,0.0678,0.121,0.35,0.717,165.458,4,
714Z8y4oTkdqfPbAPnbQYo,7rDHusYGKfhI7ZNIGeUibU,José Padilla,Solito - Wolf Müller Water Mix,Solito (Wolf Muller Mixes),2014-07-21,451399,14,spotify:user:1124177193,2015-10-06T21:15:56Z,chill lounge,0.501,0.393,5,-13.804,0,0.0374,0.0823,0.79,0.213,0.381,97.016,4,
1YkAlvrG85za26w6yDvq1a,"1x7Ay68wCXBE0QTWaP7VCC,2TLmFoedoKZDu2tHV27lJF","Julien Creance,Kurt Davis",Dreams - Radio Master,Dreams,2012,214153,0,spotify:user:1124177193,2020-02-26T21:23:49Z,,0.492,0.886,11,-4.778,0,0.0451,0.00628,0.0000714,0.255,0.22,129.955,4,
0xGihnnucx8pgYR8kCzXiN,59oA5WbbQvomJz2BuRG071,Jungle,Julia (Soulwax Remix),Julia (Soulwax Remix),2015-05-15,454933,0,spotify:user:1124177193,2015-08-19T21:56:17Z,"indie soul,uk contemporary r&b",0.791,0.788,5,-8.05,0,0.0727,0.0258,0.736,0.123,0.454,114.977,4,
3tvxZGNGZwkc86Y5zJTyPn,6Lu7S3PnzcaNFNypOynfTc,Junior Byron,Dance To The Music,Vanguard Dance Classics (Pt. 1),2007-01-01,486597,10,spotify:user:1124177193,2022-10-24T20:48:45Z,,0.877,0.945,0,-10.201,1,0.0429,0.00617,0.756,0.0592,0.966,108.597,4,
63GJpXErzRkBkSKBN5p3cE,7M9FwnKOKR4zl9iYCfy3bv,Justus Köhncke,Timecode - Tyree Cooper Mix,Balearic Nights (Ibiza Sessions 2013),2013-07-19,371809,0,spotify:user:1124177193,2014-03-20T23:46:08Z,cologne electronic,0.81,0.824,9,-8.543,0,0.063,0.00131,0.875,0.0793,0.79,121.01,4,
32GPUKQlr5HY2Njd2uHEAI,7M9FwnKOKR4zl9iYCfy3bv,Justus Köhncke,Timecode - Maxi Version,Bass ist Musik,2013-02-04,466666,20,spotify:user:1124177193,2023-10-02T11:32:24Z,cologne electronic,0.817,0.477,9,-8.938,0,0.0768,0.0014,0.83,0.201,0.63,121.411,4,
4gMZllDPK7yilm9pTChtoW,18yvjJdI9KYQ7uJAZ2z8fY,Karat,Der Blaue Planet,Ostrock In Klassik (Feat. Deutsches Filmorchester Babelsberg),2007-06-22,329080,0,spotify:user:1124177193,2018-05-26T13:11:00Z,"classic schlager,german rock,neue deutsche welle,ostrock",0.564,0.646,10,-8.057,1,0.0282,0.0784,0.287,0.0867,0.522,111.976,4,
75FEaRjZTKLhTrFGsfMUXR,1aSxMhuvixZ8h9dK9jIDwL,Kate Bush,Running Up That Hill (A Deal With God),Hounds Of Love,1985,298933,8,spotify:user:1124177193,2019-08-11T10:52:19Z,"art pop,art rock,baroque pop,new wave pop,permanent wave,piano rock,singer-songwriter",0.629,0.547,10,-13.123,0,0.055,0.72,0.00314,0.0604,0.197,108.375,4,
5a6Tw15FD3VYVab0m2qmsx,0KSMIQb8WgGPhokWAxXudW,Kel-air & Band Band,Tuareg - Vocal,Tuareg,2010-03-05,347773,4,spotify:user:1124177193,2023-11-12T22:39:00Z,,0.797,0.846,6,-9.272,1,0.0805,0.00436,0.479,0.0377,0.931,98.624,4,
1gfKN8DhBl5zRacpUqlE4G,6KPWnJouOHhX0ZhscJsIU1,Kid Creole And The Coconuts,"I'm A Wonderful Thing, Baby - Original 12",12 80s Classics,2010-06-28,370800,13,spotify:user:1124177193,2016-05-01T18:20:29Z,,0.768,0.686,2,-11.13,0,0.045,0.00862,0.204,0.316,0.912,102.864,4,
2Lhra4Sk7nRZpjouJZEVF5,03PCdNvkF81s7xHmtkNcoz,King Floyd,Baby Let Me Kiss You,Choice Cuts,1994-06-14,174866,13,spotify:user:1124177193,2018-05-27T23:07:18Z,southern soul,0.863,0.538,9,-7.406,1,0.0987,0.482,0.0732,0.0398,0.88,74.763,4,
4LidH8Kgu792vuq5avk2aL,0eatcjNWvGuDEPNnjgPNn1,King Sunny Ade,Ja Funmi,Ju Ju Music,1982-01-01,428800,18,spotify:user:1124177193,2023-05-17T14:19:05Z,"afrobeat,afropop,griot,juju",0.504,0.452,10,-15.27,0,0.0598,0.353,0.000549,0.0655,0.833,105.026,4,
60JnR6lFTCzIGFHZYNzC9k,35RF9sRdDiDz66hipRyHLm,KLANKEN,Twee,Drie / Twee,2015-09-25,304171,0,spotify:user:1124177193,2018-05-29T22:10:44Z,,0.724,0.841,4,-7.264,0,0.0519,0.038,0.768,0.881,0.373,120.013,4,
2vgApBKILh2XlPlw41NNHE,0KPSMJaJZl9IpAIVsXkrDz,Klaus Weiss,Dirt-Track - Remastered,"Sport Sequences, Vol. 2",1980-07-31,174509,0,spotify:user:1124177193,2022-10-24T20:56:05Z,"library music,spytrack",0.566,0.793,4,-9.557,1,0.0485,0.207,0.914,0.155,0.331,103.697,3,
4qxCDr5DquZsfaK7lvnY9G,3VNITwohbvU5Wuy5PC6dsI,Kool & The Gang,Jungle Boogie,Wild And Peaceful,1973-09,186533,0,spotify:user:1124177193,2015-09-12T15:30:27Z,"disco,funk,motown,soft rock,soul",0.806,0.838,5,-8.717,1,0.114,0.103,0.000171,0.315,0.706,107.898,4,
3Y8T9RXnsJFjz9OgieBnyP,3TsEEdpuuCN1G0dPxV4uOA,Koreless,Joy Squad,Joy Squad,2021-05-26,271946,17,spotify:user:1124177193,2022-08-30T10:34:07Z,"future garage,scottish electronic,weightless,wonky",0.306,0.505,0,-7.348,1,0.0407,0.0213,0.825,0.112,0.0692,81.921,5,
1W2I1AN6t6Hd7tGaVhp49S,1yTEkYjWeeo4ANkbvUTiFG,Kraan,Dancing in the Shade,Dancing in the Shade,1990-01-05,248593,1,spotify:user:1124177193,2022-09-07T18:02:36Z,krautrock,0.621,0.6,9,-8.602,0,0.0276,0.12,0.00000367,0.171,0.649,140.425,4,
2Yj7cIHRpk6Djcws27zb7r,0dmPX6ovclgOy8WWJaFEUU,Kraftwerk,Computer World 2 - 2009 Remaster,Computer World (2009 Remaster),1981,204666,28,spotify:user:1124177193,2014-06-25T22:07:29Z,"dusseldorf electronic,early synthpop,electro,proto-techno,synthpop",0.513,0.818,4,-11.358,0,0.0965,0.691,0.0581,0.332,0.775,129.075,4,
5eLluqLzN5Yj3uOsnUuDOc,0dmPX6ovclgOy8WWJaFEUU,Kraftwerk,Numbers - 2009 Remaster,Computer World (2009 Remaster),1981,200333,31,spotify:user:1124177193,2019-08-11T10:31:55Z,"dusseldorf electronic,early synthpop,electro,proto-techno,synthpop",0.799,0.553,7,-14.286,1,0.065,0.299,0.184,0.369,0.354,129.247,4,
64IFq19HliaDLp5XSszOsw,7eCyRwH9HTyzTgEqXm0QwI,L.B. Bad,Just Don't Stop,The True Story Of House Music,2012-10-08,251089,2,spotify:user:1124177193,2024-03-21T09:45:16Z,,0.821,0.609,10,-9.939,0,0.156,0.0048,0.914,0.13,0.51,108.862,4,
3LYvtDZSTCQv9WrUv15vyZ,64KxTrl5ovS7lD7pSNov9i,La Bionda,I Wanna Be Your Lover,The Collection,1994-01-27,193893,41,spotify:user:1124177193,2018-06-01T19:15:23Z,italo disco,0.924,0.536,5,-11.069,0,0.0576,0.0839,0.0501,0.079,0.839,115.982,4,
4KXFUkkVuqrNUgfXpeTMG5,2JYMUWD8r1jFFjD1V3WcCX,LA Priest,Learning To Love - Radio Edit,Learning To Love (Radio Edit),2015-05-14,210924,23,spotify:user:1124177193,2018-05-29T22:02:22Z,funktronica,0.805,0.674,1,-7.814,1,0.105,0.137,0.0362,0.338,0.845,120.396,4,
7qHMaeWBGykUXtoMQLkIC4,0ucLPotcQNI7AViFytdhBz,Ladytron,Seventeen,Light & Magic,2022-04-21,277866,58,spotify:user:1124177193,2023-10-23T10:17:53Z,"alternative dance,dark synthpop,electroclash,electronica,indietronica,neo-synthpop",0.64,0.793,8,-7.911,1,0.0309,0.0000696,0.275,0.136,0.809,119.513,4,
0z0JSkE5Nw3i3nin3BBSuG,2OLmN3LLWtLF7zerL4VdaX,Laid Back,Sunshine Reggae,Good Vibes - The Very Best of Laid Back,2008-10-06,257666,65,spotify:user:1124177193,2015-09-12T23:05:16Z,classic danish pop,0.704,0.79,8,-5.756,1,0.0432,0.101,0.00657,0.0769,0.933,167.816,4,
39HnpKxGPzP3EUlXvs4VBQ,2OLmN3LLWtLF7zerL4VdaX,Laid Back,Fly Away / Walking in the Sunshine - 2008 Remaster,Keep Smiling [Remastered] (Remastered Version),1983,512080,40,spotify:user:1124177193,2023-05-20T19:17:38Z,classic danish pop,0.953,0.39,9,-10.123,0,0.0568,0.0657,0.503,0.154,0.743,108.345,4,
16zLaTrSyFp5e7f8uv2Jrv,1oOTJCONUIxJkXKEX4AQng,Laila,The Other Me - DEEWEEDUB,The Other Me / Pink Tones,2016-03-29,355557,2,spotify:user:1124177193,2023-10-24T17:50:09Z,,0.767,0.878,1,-8.447,1,0.0504,0.00852,0.854,0.105,0.314,107.997,4,
00XFYK7hM9MdLGCxS8lmrW,"7Ei7Skcxyz2zDe7iPNrB1o,68TpVJzBmxjbEkbIYTdHoN","Laurin Rinder,W. Michael Lewis",Anger,Seven Deadly Sins,1977-01-01,348720,0,spotify:user:1124177193,2019-08-23T17:09:25Z,,0.754,0.91,10,-12.232,0,0.0482,0.0336,0.832,0.114,0.698,130.726,4,
1yAldIvjyQQ6gU5TMNTJNo,066X20Nz7iquqkkCW6Jxy6,LCD Soundsystem,tonite,american dream,2017-09-01,347346,38,spotify:user:1124177193,2019-08-10T13:18:21Z,"alternative dance,alternative rock,art pop,dance rock,dance-punk,electronic rock,electronica,indie rock,indietronica,neo-synthpop,new rave",0.767,0.787,2,-8.28,1,0.0566,0.0678,0.00509,0.43,0.839,121.102,4,
3vQKmZHZLdvPiNDFRuqmlb,"066X20Nz7iquqkkCW6Jxy6,4imC1JxgJ0LPZ4rg1m6WxJ","LCD Soundsystem,Prince Language",45:33 - Prince Language Remix,45:33 Remixes,2009-09-14,467813,17,spotify:user:1124177193,2015-09-12T16:23:07Z,"alternative dance,alternative rock,art pop,dance rock,dance-punk,electronic rock,electronica,indie rock,indietronica,neo-synthpop,new rave",0.66,0.664,9,-9.527,0,0.0345,0.059,0.0509,0.0521,0.379,117.009,4,
6Vs0ZWb2Cfsk08SnwRAVWR,0oCqvZIjaTec83jN2AHN8y,Lee Lewis,French Kiss - Radio Version,French Kiss,1989,249093,0,spotify:user:1124177193,2014-03-09T17:29:27Z,,0.609,0.467,11,-14.682,0,0.161,0.0105,0.687,0.218,0.474,123.299,4,
2wcQIBlX6WvGDiL1fOGrkG,6NOPS9m4g5wG12ZdsfgMTn,Leik,Burner - Original Mix,Ways Ep,2011,624048,7,spotify:user:1124177193,2022-09-07T18:17:23Z,,0.675,0.741,1,-7.747,1,0.0493,0.297,0.852,0.13,0.127,121.997,4,
6DWI1uZGKlSqQfTsaJnwdY,14nKtAc7fHAIVNBetAaSJH,Leonard Nimoy,Spock Thoughts,The Two Sides Of Leonard Nimoy,2015-04-28,182506,0,spotify:user:1124177193,2015-09-12T23:28:43Z,"comic,outsider",0.392,0.35,1,-14.729,1,0.0509,0.976,0.0162,0.102,0.153,124.225,3,
5Vok7NV5cS2PotyvSjD31X,02zMQvIvPXbVOLDdFqbFUn,Les Rythmes Digitales,Jacques Your Body (Make Me Sweat) - Club Mix,Jacques Your Body (Make Me Sweat),2005-08-29,387813,0,spotify:user:1124177193,2014-03-13T00:02:15Z,big beat,0.768,0.901,6,-7.222,0,0.0698,0.000106,0.426,0.0414,0.357,125.879,4,
4kwTMAAHQAhPXn3XTme80a,5AI6Ul5BH5gziCY2o9Wwe8,Li Garattoni,Here Is Silence,Find Out What I'm Dreaming,1978,241931,4,spotify:user:1124177193,2024-03-18T21:24:03Z,,0.365,0.441,11,-14.085,1,0.0293,0.75,0.333,0.0619,0.166,74.237,4,
7hnqJYCKZFW7vMoykaraZG,"5A16TE7083RJq3yzpdsQWs,62ltJFdLVl9JUrdhzWqp0F","Lil' Louis,The World",French Kiss - The Original Underground Mix,Club Epic - A Collection Of Classic Dance Mixes: Volume 4,1996-01-30,591733,44,spotify:user:1124177193,2019-08-11T10:47:01Z,"acid house,chicago house,classic house",0.689,0.505,6,-13.846,1,0.0867,0.0133,0.818,0.345,0.564,123.948,4,
6G6mulVvHFpJsnoKASUPYP,37UBXFAuwG66gXZSVL4Qnk,Lion,You've Got a Woman,You've Got a Woman,1975-01-01,205920,48,spotify:user:1124177193,2023-05-20T19:12:42Z,,0.721,0.855,6,-7.356,0,0.0366,0.292,0.00124,0.0452,0.966,144.137,4,
6j370rNNGiu8zOnoSTioPk,4LIRWeEa6WgyAzH1mjYAPx,Liquid Liquid,Cavern,Liquid Liquid,1997-01-01,319760,39,spotify:user:1124177193,2014-10-11T22:37:50Z,"dance rock,dance-punk,no wave,post-punk",0.682,0.78,7,-9.948,1,0.0538,0.0114,0.735,0.0862,0.317,115.564,4,
0mxcRFCHwRTntxz4J4vfuc,4Ewp8MKdRwhPP5Oj608bqm,Logic System,Unit,LOGIC,1981-06-05,294666,21,spotify:user:1124177193,2022-10-24T20:14:00Z,japanese new wave,0.646,0.431,11,-15.267,0,0.0382,0.0883,0.0639,0.0615,0.124,96.8,4,
0QIl1aNSEMQL7BryNIi6dB,0eoOgNAKS0g3piTJlFY173,Loose Joints,Is It All Over My Face? - Female Version,Is It All Over My Face?,1980,427990,0,spotify:user:1124177193,2018-05-27T09:09:37Z,,0.715,0.675,4,-7.835,0,0.135,0.00439,0.434,0.0779,0.818,120.102,4,
3t02EG4sEBa3vG3fq7qxlM,42TFhl7WlMRXiNqzSrnzPL,Lou Reed,Disco Mystic,The Bells,1979-04-01,269386,16,spotify:user:1124177193,2018-05-26T16:01:32Z,"classic rock,glam rock,permanent wave,rock,singer-songwriter",0.473,0.784,0,-5.958,1,0.0449,0.0733,0.348,0.0969,0.473,86.563,4,
,,Lou Reed,My Love is Chemical,,,271000,0,spotify:user:1124177193,2018-05-29T21:23:55Z,,,,,,,,,,,,,,
66vvyQJL4u4MR9oPfdSQXT,4n3HfjnsBTSPBBiaS9jJSg,Love Committee,Just As Long As I Got You - Disco Re-edit By Dimitri From Paris gray/tyson/conway,"Disco Forever The Sound Of Underground Disco, Compiled By Dimitri From Paris",2001,469773,0,spotify:user:1124177193,2015-09-12T16:22:27Z,deep disco,0.605,0.844,7,-8.645,1,0.0665,0.000956,0.399,0.21,0.771,124.197,4,
4AmG6NOFB8901aYSpbPfk1,4n3HfjnsBTSPBBiaS9jJSg,Love Committee,Just As Long As I Got You,Salsoul Classics Vol. 1,1990-10-25,517733,0,spotify:user:1124177193,2022-10-24T20:48:17Z,deep disco,0.65,0.755,7,-9.13,0,0.0696,0.0231,0.0000769,0.104,0.853,123.66,4,
4J2SHY5N8t8Fk1m3BsBjUP,"4n3HfjnsBTSPBBiaS9jJSg,5Il27M5JXuQLgwDgVrQMgo","Love Committee,Dimitri From Paris",Just As Long As I Got You (Dimitri from Paris DJ Friendly Classic Re-Edit) - 2017 - Remaster,Salsoul Re-Edits Series Three: Dimitri From Paris,2017-09-15,391756,0,spotify:user:1124177193,2023-10-02T11:36:35Z,"deep disco,disco house",0.603,0.896,7,-6.377,1,0.0907,0.00141,0.12,0.145,0.705,125.01,4,
6eL77mPQ3FbDEr96LqrY5K,4uGz8stYjRTstQqKkBalgQ,Love International,Airport Of Love,Computer Incarnations For World Peace III,2015-11-27,305900,0,spotify:user:1124177193,2018-05-26T16:01:12Z,deep disco,0.787,0.611,8,-7.429,1,0.0697,0.147,0.158,0.0993,0.585,169.992,4,
6ULtjwW5xKCk9ysZY7kaNF,1WrqUPWlHN5FXCRcQgrkas,Lucius,Turn It Around - The Reflex Revision,Turn It Around,2014-06-02,370351,0,spotify:user:1124177193,2016-05-01T18:18:13Z,"indie folk,indie pop,new americana,shimmer pop,stomp and holler",0.674,0.912,0,-4.331,1,0.0339,0.0694,0.119,0.644,0.567,122.092,4,
5iwOF6cr8q0SUgDU8Al1pg,"1qnIDUSnguCHsRFm3yDUIR,60XxUcCHoPzgiq1mUcNoGD","Luminodisco,DJ Fett Burger & DJ Grillo Wiener",Diavolo di un Disco - DJ Fett Burger & DJ Grillo Wiener's Emosjonelle Runkering Mix,Hell Yeah Recordings 01/15,2015-01-12,565064,0,spotify:user:1124177193,2015-05-20T20:39:23Z,,0.789,0.868,7,-8.188,1,0.0686,0.0173,0.817,0.586,0.468,120.009,4,
3YyRYbYOpR3LrPUL1B41Mx,4JGuGmGbuR0IenXlKVLXRN,Lynsey De Paul,Sugar Me,Surprise,1973-03-10,220133,0,spotify:user:1124177193,2022-10-24T13:59:13Z,classic uk pop,0.556,0.605,6,-9.811,0,0.0852,0.14,0.000309,0.346,0.606,92.253,4,
6BWRvw630R8z2vNMok6quI,6tbjWDEIzxoDsBA1FuhfPW,Madonna,Justify My Love,Celebration (double disc version),2009-09-18,294266,45,spotify:user:1124177193,2019-08-11T10:52:53Z,"dance pop,pop",0.705,0.821,1,-7.085,1,0.128,0.00242,0.682,0.0572,0.457,99.633,4,
2pSbWIRCUS9RduJUAe2e7B,"6tbjWDEIzxoDsBA1FuhfPW,4aCBjK5Ercfhp5dVV47Irc,6GOmlO6wisWSbBzBbCCaWv","Madonna,Goh Hotoda,Shep Pettibone",Justify My Love - Q-Sound Mix Version,Justify My Love (Remixes),1990-11-06,297386,29,spotify:user:1124177193,2022-09-07T18:12:57Z,"dance pop,pop",0.648,0.435,7,-17.469,1,0.0837,0.000462,0.876,0.0903,0.396,99.955,4,
37wM9fqGUWMilOKLQyEVhd,30j6YCWLSp59jLF7yIYZWq,Magnus Uggla,Sommartid - Remix,Godkänd pirat - Live,1981-01-01,302200,0,spotify:user:1124177193,2023-10-26T08:01:55Z,"classic swedish pop,swedish pop",0.794,0.65,11,-11.711,0,0.0546,0.189,0.00177,0.136,0.723,108.74,4,
3OYR7VSgnczmem07oQRud9,2IUmEbKT6wvT8Jv7AEaMIA,Mahotella Queens,Wozani Mahipi,"Next Stop ... Soweto Vol. 2: Soultown. R&B, Funk & Psych Sounds from the Townships 1969-1976",2010-05-10,140851,1,spotify:user:1124177193,2022-10-24T14:37:22Z,"afropop,south african choral,south african jazz",0.782,0.744,10,-8.336,0,0.217,0.562,0,0.102,0.85,105.875,4,
5XfsUXBsfVomi2LbznjRou,"2HKVO06HXqGmQxZJ8xIqgr,29MW8Aswkx4lCQPhy6euMt","Man Parrish,Forbidden Overture",Strictly Forbidden,Turned On,2022-10-31,1676303,7,spotify:user:1124177193,2023-05-20T18:51:23Z,electro,0.703,0.607,10,-9.934,1,0.0431,0.343,0.172,0.0768,0.927,149.039,4,
6GCDiLtQAkuWyTOHXcjn8x,7bmwYjT2tBoFADPxGqqCSu,Margie Lomax,God's Greatest Gift to Man Is Woman,Best of Patrick Adams,2012-11-01,311360,6,spotify:user:1124177193,2018-05-26T16:06:59Z,,0.838,0.515,3,-10.645,1,0.0305,0.0455,0.0248,0.0716,0.879,102.971,4,
5yT5gTAWIoF97BiI5Ed2h3,0yMkwfeRG8lviQY0mZ1BBI,Mariah,Shinzo No Tobira,Utakata No Hibi,1983,282386,1,spotify:user:1124177193,2023-05-20T19:23:12Z,"fourth world,japanese experimental,japanese new wave",0.718,0.745,5,-11.265,1,0.037,0.0299,0.524,0.0918,0.706,109.379,4,
0cWaWjXEp36hvAVaJFafFV,0yMkwfeRG8lviQY0mZ1BBI,Mariah,少年,うたかたの日々,1983-02-21,305146,15,spotify:user:1124177193,2024-02-22T23:40:55Z,"fourth world,japanese experimental,japanese new wave",0.869,0.458,7,-14.942,1,0.0377,0.926,0.886,0.093,0.923,113.432,4,
6WfL1pwMyFf3IvFWLnre4P,"7xJVICbAWizNBKBD3mRWjF,43mWhBXSflupNLuNjM5vff","Marie Davidson,Soulwax",Work It - Soulwax Remix,Work It (Soulwax Remix),2019-04-03,286080,50,spotify:user:1124177193,2019-08-10T11:27:49Z,"canadian electronic,electra,alternative dance,belgian electronic,belgian indie,belgian indie rock,belgian rock,electronica,filter house,ghent indie,mashup",0.846,0.737,0,-8.611,1,0.0643,0.319,0.494,0.0701,0.848,125.018,4,
1OB621mdsU1rwAMW6T1EDp,0mhITKwcJNtRMdGE2nye2W,Mark Allen Shepherd,Himmelfahrt,Space Walk,2005-01-01,833000,19,spotify:user:1124177193,2023-10-21T17:18:57Z,,0.0982,0.0643,6,-23.116,1,0.0414,0.624,0.986,0.059,0.0308,158.297,5,
7dXjq4Wp7eEPsGVsOhRQDQ,1dKzjmxVJw8SSE0LVxW2Dp,Mark Hollis,A Life (1895 - 1915),Mark Hollis,1998-01-01,490133,22,spotify:user:1124177193,2019-08-23T17:09:25Z,"melancholia,solo wave",0.36,0.0186,11,-26.584,0,0.041,0.771,0.0193,0.0932,0.112,101.034,3,
65CE7nVtaWVZRdE9lNPtg4,6JVzr5gSRQq5f2CVpDUhoh,Marsha Hunt,Oh No! Not The Beast Day,The F Word (What If) (Original Soundtrack Album),2014-08-05,194813,12,spotify:user:1124177193,2023-10-23T10:03:09Z,,0.609,0.93,0,-6.934,1,0.0801,0.0624,0.00000215,0.107,0.959,97.584,4,
4MVhYm4LCenxBIZKrT5CAc,0bUGoPJdCrDnuIQNLxsnBb,Marshall Hain,Dancing in the City,Free Ride,2011-07-01,229480,44,spotify:user:1124177193,2023-05-01T19:23:20Z,classic uk pop,0.721,0.422,7,-14.654,0,0.0425,0.454,0.0118,0.0794,0.605,102.194,4,
3Zpb9NB3jHsht3x6NMh9om,3GfLu9GKQxKZCzKLy1Dggn,Marta Acuna,"Dance, Dance, Dance",DJ Spinna vs. P&P Records,2012-11-01,131560,7,spotify:user:1124177193,2022-09-07T18:15:22Z,,0.468,0.788,9,-5.109,1,0.0863,0.00423,0,0.638,0.612,109.173,4,
6chkDKDiskOeKnctKVO5GK,3GfLu9GKQxKZCzKLy1Dggn,Marta Acuna,"Dance, Dance, Dance (Disco Version)","Dance, Dance, Dance",1977-03-15,375973,29,spotify:user:1124177193,2019-08-10T11:27:49Z,,0.581,0.519,9,-11.893,1,0.0746,0.0386,0.00482,0.165,0.708,111.397,4,
5sAr7Ux1yfEsdOa8MsoKXr,3koiLjNrgRTNbOwViDipeA,Marvin Gaye,A Funky Space Reincarnation,Here My Dear,1978-12-15,497773,30,spotify:user:1124177193,2023-05-20T18:10:55Z,"classic soul,motown,neo soul,northern soul,quiet storm,soul",0.782,0.599,7,-12.639,1,0.0678,0.417,0.000181,0.0801,0.852,96.125,4,
4Imww6CmubWhJJ5zGfcQSM,"7yegFhKemMedsme3entsAW,2J0GFYB2eNlq5JezBGbJej,5RISqKCcrhGITX2TQAPGPL,0De7qtvAqKl2o5rdnFBV7N","Material,Michael Beinhorn,Bill Laswell,Daniel Ponce",Don't Lose Control,One Down,1982,256461,0,spotify:user:1124177193,2014-03-12T23:33:33Z,"no wave,illbient,tzadik,jazz cubano",0.818,0.87,7,-9.76,1,0.0482,0.512,0.402,0.0998,0.232,99.561,4,
1TqGWBILeVLqxGDho9fy5k,7daexEpVdKDbvlUHZ2rWbe,Matias Aguayo,El Sucu Tucu,The Visitor,2013-06-24,293986,0,spotify:user:1124177193,2015-11-16T19:52:04Z,"cologne electronic,electronica chilena",0.788,0.9,7,-7.977,1,0.0633,0.00588,0.621,0.0829,0.356,121.017,4,
6JRsxcRD2Q7Hmq7zIFM4rR,7daexEpVdKDbvlUHZ2rWbe,Matias Aguayo,Niños,I Don´t Smoke,2011-06-06,313051,2,spotify:user:1124177193,2022-10-25T11:03:47Z,"cologne electronic,electronica chilena",0.794,0.999,7,-4.076,1,0.123,0.0494,0.967,0.0896,0.769,126.488,4,
2TbdNdLlbXh8VBpOpXTYNO,2Jn5sF2xGG791XWUGZJeaA,Max Berlin,Elle Et Moi,The Sound Of Belgium,2013-10-07,251679,31,spotify:user:1124177193,2018-06-01T19:16:03Z,belgian new wave,0.82,0.663,5,-9.726,0,0.0518,0.0508,0.0604,0.374,0.97,103.417,4,
6gcy3D6AEbqf9gTjAZc4FS,6sOP8RUFR0q0nBOBOXGdBK,Melanie,Got My Mojo Working,Sunset And Other Beginnings,1975-01-01,216826,0,spotify:user:1124177193,2019-08-10T12:53:25Z,"folk,persian pop",0.431,0.766,2,-10.579,1,0.0822,0.459,0.0000404,0.646,0.932,89.484,4,
29NBqITzgvrpmO0QJvYht9,0uMy5ZKVPBHauBYTTfCojq,Melba Moore,You Stepped Into My Life,Disco Super Hits,1998-02-12,304733,22,spotify:user:1124177193,2018-06-01T19:16:12Z,"disco,funk,post-disco,quiet storm,soul,urban contemporary",0.724,0.725,2,-11.93,0,0.0395,0.0226,0.0336,0.0445,0.909,106.156,4,
4UB3TaEGEY9WoOpxYNMgy4,34PLzyi7CdXUekiLHYyqXq,Men Without Hats,The Safety Dance,The Safety Dance,2010-05-21,164866,57,spotify:user:1124177193,2014-06-25T22:31:08Z,"classic canadian rock,new romantic,new wave pop,synthpop",0.525,0.882,5,-4.479,1,0.0467,0.0252,0,0.101,0.623,101.674,4,
7oXjChLkXblJDkOdaUXEo5,54QMjE4toDfiCryzYWCpXX,Metronomy,Love Letters (Soulwax Remix),Love Letters (Soulwax Remix),2014-04-04,388000,0,spotify:user:1124177193,2014-06-02T18:43:44Z,"alternative dance,electronica,french indie pop,indietronica,neo-synthpop,new rave,socal pop punk",0.817,0.903,10,-8.195,0,0.0751,0.0169,0.862,0.0661,0.664,120.013,4,
3rwrt4Ks6N6EWIfjfIfLAP,"2mknvtcck8i82nKxDPDibv,2zpFG5cvw00QmrYTUsjApa","MFSB,The Three Degrees",Love Is the Message (feat. The Three Degrees) - Love Groove Bonus,Deep Grooves,1999-04-06,313906,36,spotify:user:1124177193,2018-06-01T19:16:25Z,"classic soul,disco,instrumental soul,jazz funk,philly soul,post-disco,classic girl group,motown",0.795,0.821,10,-8.183,1,0.118,0.0443,0.742,0.16,0.782,116.355,4,
0s6TWuZSH1HnGDYdYsy18O,3fMbdgg4jU18AjLCKBhRSm,Michael Jackson,Wanna Be Startin' Somethin' - Demo,Michael Jackson's This Is It,2009-10-26,343266,26,spotify:user:1124177193,2018-05-29T22:04:17Z,"r&b,soul",0.866,0.899,9,-4.741,1,0.059,0.0832,0.0000298,0.0625,0.706,122.397,4,
0FsyTSZ4Ghi1SpKJvJfJnZ,3fMbdgg4jU18AjLCKBhRSm,Michael Jackson,Billie Jean (1981 Home Demo),Thriller 25 Super Deluxe Edition,2008-02-08,140040,33,spotify:user:1124177193,2018-05-29T22:04:30Z,"r&b,soul",0.953,0.441,6,-8.463,0,0.0434,0.0681,0.000115,0.0635,0.52,114.979,4,
1cuDV8x5MiaipH8j93gasV,5Tic1bWAbmRoLrqaJ5SxU2,Michael Nesmith,Cruisin',Infinite Tuesday: Autobiographical Riffs,2017-04-14,231333,21,spotify:user:1124177193,2023-05-20T18:10:22Z,country rock,0.762,0.566,7,-11.283,1,0.0495,0.0428,0.00018,0.0227,0.619,100.792,4,
4ZQzPbZl012Y6KwAmpkAw4,2YraEiqMjefJ8ppPwBsWwx,Michael Wilson,Groove It to Your Body,Groove It to Your Body,1982-01-01,431125,3,spotify:user:1124177193,2024-03-18T21:30:55Z,,0.717,0.943,7,-7.2,1,0.0649,0.00567,0.0712,0.12,0.729,123.476,4,
5DhWyJZmwXFbdZF71djDFf,34CiPtUNNtRZYbWu1LQNu7,Mickey Moonlight,Interplanetary Music - Dub,Multi Culti Japan,2014-10-20,236531,0,spotify:user:1124177193,2019-08-10T11:27:49Z,,0.929,0.812,6,-7.988,0,0.173,0.275,0.00231,0.696,0.611,114.331,4,
70pWoY18OnKmqqoL71xxGu,34CiPtUNNtRZYbWu1LQNu7,Mickey Moonlight,Interplanetary Music,Interplanetary Music,2008-10-13,225840,16,spotify:user:1124177193,2019-08-10T11:46:50Z,,0.937,0.708,9,-9.003,1,0.141,0.34,0.0000503,0.661,0.607,114.327,4,
2XjsalSanX3zAKEBYJEJ02,3KuNrap7xPWVJCyBHAE4le,Midnight Magic,Beam Me Up,Walking the Midnight Streets,2012-11-13,322426,0,spotify:user:1124177193,2019-08-23T17:09:25Z,"balearic,nu disco",0.801,0.66,1,-8.125,1,0.0492,0.051,0.0567,0.0479,0.884,109.944,4,
4GGbfzseTn7rzm14WzHWLJ,5qcxrZvndwOptgzTElt5bV,Mim Suleiman,Mingi,Tungi,2009-11-09,322973,26,spotify:user:1124177193,2014-06-25T22:30:42Z,tanzanian pop,0.766,0.506,6,-10.307,0,0.0913,0.00273,0.165,0.263,0.862,109.98,4,
5Cqvho5a2jprd6Em3Z3pNw,5qcxrZvndwOptgzTElt5bV,Mim Suleiman,Nyuli,Tungi,2009-11-09,368573,22,spotify:user:1124177193,2019-08-23T17:09:25Z,tanzanian pop,0.898,0.389,10,-10.083,0,0.121,0.00683,0.00475,0.0804,0.853,111.991,4,
6BxltXIKtkFo6eNmRoIKMQ,3HL1CyOnDLFJo1Rr8YBlKy,Mina,Capisco - 2001 Remaster,Kyrie Vol. 1,1980-11-27,366160,20,spotify:user:1124177193,2019-08-10T12:33:43Z,"classic italian pop,italian adult pop,ye ye",0.638,0.863,8,-7.925,1,0.0562,0.0144,0.00934,0.339,0.786,95.384,4,
6RV4RF6Ehk1LJFOhzsEDu5,1DXylZlWbVvlckNqwvjTEt,Ministry,Primental,Twelve Inch Singles (Expanded Edition),2014-08-21,314455,8,spotify:user:1124177193,2022-10-24T18:33:29Z,"alternative metal,industrial,industrial metal,industrial rock,nu metal",0.733,0.496,4,-5.356,0,0.0591,0.0099,0.725,0.304,0.615,117.697,4,
3sDgXZfL33D7piBOYev1R5,2Djz8cbEv5rtrYrJYdzQ20,Model 500,No UFO's (Inst),No UFO's,2006-01-01,416658,0,spotify:user:1124177193,2018-06-01T19:16:38Z,"acid house,afrofuturism,detroit techno,proto-techno,techno",0.792,0.812,1,-15.056,1,0.097,0.0000861,0.478,0.123,0.923,124.998,4,
5KLZDzUwTvJmNV3t5bjBCs,34UhPkLbtFKRq3nmfFgejG,Mogwai,Hungry Face,Les Revenants Soundtrack,2013-02-25,144693,0,spotify:user:1124177193,2019-08-23T17:09:25Z,"british post-rock,compositional ambient,cosmic post-rock,dream pop,electronica,indie rock,instrumental post-rock,post-rock,scottish rock",0.579,0.607,7,-10.548,1,0.0282,0.794,0.926,0.0717,0.36,108.965,4,
65eAhctHIHBSZjKyWjlKj5,60YJi3abieLZxGxwtBv7Jh,Monica,Secret in the Dark (Despacio Edit),Secret in the Dark,2015-10-02,234184,0,spotify:user:1124177193,2018-05-29T22:06:27Z,"art pop,greek indie",0.705,0.688,9,-7.542,1,0.0383,0.0144,0.207,0.138,0.661,110.864,4,
2crHLowHpTnwT19kAG9a9w,6UCcZf8ho8AbT3s7Wb6fRM,Montana Sextet,Who Needs Enemies? (with A Friend Like You) - Original Club Mix,Heavy Vibes,2011-03-11,476546,23,spotify:user:1124177193,2018-05-26T16:08:26Z,,0.918,0.674,4,-8.76,0,0.0674,0.125,0.00313,0.222,0.926,116.426,4,
4ncFRft2xEs4kanULQjaOz,"6pohviZSNRueSX7uNu63ZX,7sdFsJNQmnXEJjpgeVeQWO","Moodymann,Andres",Lyk U Use 2 (feat. Andres),Moodymann,2014-01-27,343000,43,spotify:user:1124177193,2019-08-23T17:09:25Z,"deep house,detroit house,detroit techno,electronica",0.621,0.485,11,-13.429,0,0.219,0.108,0.13,0.156,0.14,183.391,4,
3z7vofqAmdxzLuNw10LwsD,4pgjEpAP1k4epnwZWmbHTf,Mop Mop,Kamakumba,"Music for Dreams: The Sunset Sessions, Vol. 2",2014-09-29,246799,0,spotify:user:1124177193,2018-05-29T22:03:17Z,"bboy,electro swing,italian jazz,jazztronica,nu jazz",0.64,0.767,2,-11.217,1,0.0324,0.146,0.935,0.194,0.395,102,4,
4mNwbj8hTUjbyZSHdQVIuL,0dRiUTGvNV17AMIULRYsvn,Mr. Fingers,Can You Feel It,Amnesia,2011-01-01,353801,35,spotify:user:1124177193,2022-10-24T20:27:58Z,"acid house,chicago house,classic house",0.654,0.605,11,-10.795,1,0.0494,0.212,0.925,0.0931,0.708,112.177,4,
6AvtRMA6AzFNYZ3qEMYpch,0dRiUTGvNV17AMIULRYsvn,Mr. Fingers,Mystery Of Love,Amnesia,1989-01-01,430576,0,spotify:user:1124177193,2018-05-29T22:12:56Z,"acid house,chicago house,classic house",0.767,0.686,7,-10.476,1,0.0461,0.0681,0.91,0.111,0.565,114.07,4,
3JPcICirkAw4TLp9UzEcfl,0b9ukmbg0MO5eMlorcgOwz,Mr. Oizo,Flat Beat,Flat Beat,1999-03-15,325173,0,spotify:user:1124177193,2014-03-09T17:34:52Z,filter house,0.924,0.42,0,-11.67,1,0.578,0.000243,0.214,0.403,0.455,128.977,4,
6GRB1spqBGsYqWATMyHyC3,0GKMzugj2dgoVYXIi3wR2C,Mudd,Advt. In Bricketwood - Original,Rong 003,2004-06-01,344186,3,spotify:user:1124177193,2015-09-12T16:20:38Z,balearic,0.759,0.552,1,-17.775,1,0.0372,0.000843,0.809,0.0651,0.785,110,4,
66nLZPnMIZ1a6VKlri1fEd,07NyAelKATXxV2ruVE6CqU,MUTSUMI,"58, 26, 34, & 20",Mutsumi,2010-10-31,358986,7,spotify:user:1124177193,2015-05-20T20:20:25Z,,0.756,0.784,10,-8.867,0,0.105,0.00554,0.0162,0.0706,0.581,114.986,4,
1pcG5AKS1PTa5sz9cBOCLZ,59QKG3eYCCmqC6SqUwXvSw,Ned Doheny,Get It Up For Love,Hard Candy,1976-12-02,281733,45,spotify:user:1124177193,2015-09-12T23:06:04Z,"deep soft rock,yacht rock",0.678,0.622,2,-10.824,1,0.0828,0.32,0.0000946,0.0251,0.701,81.718,4,
0FbbqjDqBNa78SL76JfCfX,3JxCEqL9zjKnDJgUhRuRJD,Neneh Cherry,Buffalo Stance - 12'' Mix,Buffalo Stance,1988-01-01,349460,29,spotify:user:1124177193,2019-08-10T12:12:54Z,"new wave pop,urban contemporary",0.708,0.548,10,-11.944,0,0.0589,0.00748,0.0000159,0.318,0.698,107.181,4,
5OWPUEToAqz6LqB8Kj5Twn,60Ec3tL0Z85Jp3f2CTUUu3,Ngozi Family,Sunka Muluma,Day of Judgement,2014-08-26,259799,7,spotify:user:1124177193,2018-05-29T22:10:03Z,afro psych,0.717,0.729,7,-11.279,0,0.144,0.251,0.0175,0.101,0.873,98.919,4,
1tfYREZX0roUWmGwY3OPO9,6dT5MTMSKUfZv1btytfwnC,Niagara,Sangandongo,Niagara,2010-06-25,1152760,11,spotify:user:1124177193,2022-09-07T18:12:18Z,,0.532,0.696,1,-10.424,1,0.107,0.019,0.875,0.122,0.368,105.108,4,
1vCTWesJIib2qC0Ru5tIZr,4nn1V1HrUHQrsqsKVIrPy4,Nikola Mihailovic,Sense of Dream,Sense of Dream,2018-03-29,573845,2,spotify:user:1124177193,2022-09-07T18:17:42Z,serbian electronic,0.731,0.979,11,-8.609,0,0.0792,0.000599,0.845,0.564,0.0865,123.006,4,
5mOn7oJdEBmG43elhWGfXo,6KcNmchIyvo5TqzjfJtwYR,Nitro Deluxe,Let's Get Brutal - Brutal House,Let's Get Brutal,1986-10-24,431760,27,spotify:user:1124177193,2014-10-11T22:38:21Z,bleep techno,0.805,0.507,1,-15.971,1,0.109,0.000029,0.871,0.0496,0.537,114.736,4,
0j7GkuzrnCBdU1XnuKl8ve,6KbLqaGoLYyBzv09udfQqN,Northend & Michelle Wallace,Happy Days,"Star Funk, Vol. 2",1992-01-01,484093,17,spotify:user:1124177193,2015-05-20T20:18:36Z,,0.749,0.647,7,-15.669,0,0.0626,0.00338,0.037,0.0761,0.91,114.694,4,
2XtQSMq3dIcyGycCYFrRKV,2094kAHzwGQeymAVX6sn5o,NYC Peech Boys,Don't Make Me Wait,Larry Levan's Classic West End Records Remixes Made Famous At The Legendary Paradise Garage,1999-01-01,502080,0,spotify:user:1124177193,2015-09-12T16:22:58Z,,0.906,0.533,7,-6.858,0,0.0477,0.00225,0.0929,0.038,0.698,113.713,4,
6mTHlnmK0wwwX1HQIzH02X,47j1kgE5dvj0rwS4sMeQAP,Offering,Love in the darkness,Offering,1990,634226,13,spotify:user:1124177193,2023-05-20T19:10:36Z,zeuhl,0.44,0.299,11,-12.587,1,0.0342,0.985,0.348,0.109,0.29,151.785,4,
4vh4iPaADbbLDFrnELsuzS,0xEo4m46co9IGYyLQ5gRjp,Oliver Mandic,Sve Su Seke Jebene,Zbog Tebe Bih Tucao Kamen,1982-01-01,220935,13,spotify:user:1124177193,2023-10-26T08:18:00Z,"yugoslav new wave,yugoslav rock",0.633,0.803,6,-9.82,0,0.0714,0.00368,0.00489,0.0822,0.817,123.854,4,
0fER4siVB8s68N3JkFAI4O,"4KDu9uqzqseVCpQXMa8Pvm,43mWhBXSflupNLuNjM5vff","Oliver Sim,Soulwax",Sensitive Child - Soulwax Remix,Sensitive Child (Soulwax Remix),2022-12-01,346093,28,spotify:user:1124177193,2022-12-01T15:44:52Z,"alternative dance,belgian electronic,belgian indie,belgian indie rock,belgian rock,electronica,filter house,ghent indie,mashup",0.714,0.933,0,-5.207,1,0.0433,0.0251,0.592,0.108,0.782,120.008,4,
7cteFUF5bVumGYiCMbWF8n,4BoRxUdrcgbbq1rxJvvhg9,Olivia Newton-John,Jolene,Come On Over,1976-03-01,184600,32,spotify:user:1124177193,2023-05-20T18:16:52Z,"adult standards,australian dance,disco,mellow gold,soft rock",0.61,0.696,1,-6.898,1,0.0372,0.424,0.00018,0.0844,0.717,113.173,4,
76hPAWKxGUUwwEdBmgEyFm,4BoRxUdrcgbbq1rxJvvhg9,Olivia Newton-John,Magic - Xanadu Soundtrack Version,Gold,2005-01-01,269520,0,spotify:user:1124177193,2014-03-20T23:35:39Z,"adult standards,australian dance,disco,mellow gold,soft rock",0.696,0.592,2,-6.874,1,0.0265,0.00907,0.0000588,0.0978,0.61,103.684,4,
7bBTe62SnZXRJOJcrzDibC,6pybt7x9B6bbxxlgcCtNMW,Oni Ayhun,OAR003-B,Renaissance - Platform,2010,674373,0,spotify:user:1124177193,2014-03-20T20:44:58Z,,0.694,0.708,11,-12.186,1,0.0626,0.00132,0.869,0.0649,0.836,122.515,4,
6AGhDIyDbRonzGTdbIsNXa,2u7xZP39dtED9EuRX9MUwu,Orange Juice,Rip It Up,Rip It Up,1982,320413,0,spotify:user:1124177193,2014-03-09T17:21:31Z,"scottish new wave,scottish rock,uk post-punk",0.881,0.546,7,-9.357,1,0.0407,0.0532,0.000149,0.0497,0.852,102.814,4,
19TkcYog1f6pEkEafEMOEE,3yqEoJd9jOykWybVsTjuuL,Orestt,Homies,L'âge de glace,2015-03-09,420611,3,spotify:user:1124177193,2023-05-20T17:41:21Z,,0.688,0.785,1,-5.308,1,0.0502,0.0000969,0.893,0.145,0.189,94.991,4,
2aTKDiclayzhU3fmGqUReW,4ucJ4FULCnvzE4CcISZu2b,Orlando Riva Sound,Moon Boots,Body to Body Boogie,2013-01-22,572337,0,spotify:user:1124177193,2014-03-12T22:59:36Z,deep disco,0.72,0.502,1,-14.791,1,0.0469,0.0159,0.513,0.0329,0.894,121.597,4,
51y6uY32EMnYqKT5C1BR7J,3pt7zBa7Puu65aSWZ7UnuX,Ozo,Anambra - 12 Extended Mix,Anambra,2018-01-05,360383,13,spotify:user:1124177193,2023-05-01T19:42:36Z,nyahbinghi,0.773,0.42,7,-14.082,0,0.0722,0.349,0.303,0.0948,0.338,100.973,4,
4YNsCzfe0Pezs3IFx0u5z8,7EqE0DBntJS6OUT4gK9W3P,Pachanga Boys,Black Naga,Girlcatcher,2012-01-19,433731,17,spotify:user:1124177193,2020-02-26T21:18:27Z,mexican tech house,0.764,0.549,0,-8.38,1,0.18,0.00088,0,0.111,0.309,123.996,4,
1LTzDSVDxvfyzBscXqIjkL,1x9g8Kg5mSTFzgRdy8EaTw,Paperclip People,Throw,The Secret Tapes of Dr. Eich,1996,407500,0,spotify:user:1124177193,2014-06-25T22:38:53Z,detroit house,0.806,0.542,4,-7.424,0,0.0786,0.000918,0.895,0.0919,0.0802,127.027,4,
5H9hplsUzyze1ybOOepe0n,1x9g8Kg5mSTFzgRdy8EaTw,Paperclip People,Throw,Sessions,2004,867600,0,spotify:user:1124177193,2018-05-29T22:11:47Z,detroit house,0.859,0.371,8,-11.608,1,0.185,0.0224,0.873,0.09,0.13,127.025,4,
1f6yIgCDhZeMtFDvOzQIVl,"0KyUH5WmspOhuIQAnw42Fb,0SFzGc8fvOuNpikX5mMP4t","Paranoid London,Mutado Pintado",Eating Glue,Paranoid London,2018-01-19,365680,33,spotify:user:1124177193,2022-10-25T10:33:13Z,float house,0.808,0.735,9,-11.76,0,0.0501,0.000394,0.885,0.0938,0.543,124.995,4,
2oexcIH0ujEQ8AcIQoIjgI,"0KyUH5WmspOhuIQAnw42Fb,0SFzGc8fvOuNpikX5mMP4t","Paranoid London,Mutado Pintado",Transmission 5,Paranoid London,2018-01-19,357267,23,spotify:user:1124177193,2018-05-27T09:16:16Z,float house,0.809,0.839,8,-11.476,0,0.043,0.000143,0.941,0.0701,0.803,123.016,4,
5cinsuyFN3yTS0t66yxJar,"1pggi3bfbAPkwrylE63MEO,2ObDOJzxzDFuevDpCTsOpo","Patrick Cowley,Jeanie Tracy",Low Down Dirty Rhythm,Malebox,2022-11-12,476234,12,spotify:user:1124177193,2024-03-18T21:09:48Z,"hi-nrg,italo disco,circuit,diva house",0.836,0.661,11,-7.622,1,0.0546,0.0141,0.0925,0.128,0.719,103.884,4,
708DnJC8l1b4Bf4xg0GiBv,"1pggi3bfbAPkwrylE63MEO,5TGTpu4g8siFOIctZuQO7y","Patrick Cowley,Sylvester",Do You Wanna Funk?,Do Ya Wanna Funk,1982-01-01,414746,48,spotify:user:1124177193,2023-05-20T19:23:47Z,"hi-nrg,italo disco,disco",0.782,0.609,6,-10.69,1,0.0384,0.00105,0.164,0.132,0.738,129.966,4,
4CvYel9rQ2hC2sdw5uU8az,4STHEaNw4mPZ2tzheohgXB,Paul McCartney,Check My Machine [edit] - 2011 Remaster,McCartney II (Special Edition),1980-05-16,350746,0,spotify:user:1124177193,2018-05-26T15:57:02Z,"classic rock,mellow gold,rock,soft rock",0.663,0.711,0,-8.435,0,0.0322,0.272,0.0102,0.566,0.901,81.72,4,
1fmSHJcPDsLYo6sW423k8B,"4STHEaNw4mPZ2tzheohgXB,3fMbdgg4jU18AjLCKBhRSm","Paul McCartney,Michael Jackson",Say Say Say - Remastered 2015,Pipes Of Peace (Deluxe Edition),1983-10-28,235693,0,spotify:user:1124177193,2018-05-27T09:14:39Z,"classic rock,mellow gold,rock,soft rock,r&b,soul",0.83,0.672,10,-10.436,0,0.0471,0.126,0.000819,0.0478,0.808,117.726,4,
46lpcIArInIqOOvLVcilBH,2CvCyf1gEVhI0mX6aFXmVI,Paul Simon,Diamonds On The Soles Of Her Shoes,The Essential Paul Simon,2007,338560,29,spotify:user:1124177193,2014-03-12T23:03:03Z,"classic rock,folk,folk rock,mellow gold,permanent wave,rock,singer-songwriter,soft rock",0.796,0.619,5,-11.668,1,0.0367,0.738,0.00237,0.164,0.863,110.561,4,
4c7ZiaMCIESr7xaV8Sp49A,2ueoLVCXQ948OfhVvAy3Nn,Perfume Genius,Grid,Too Bright,2014-01-01,159400,0,spotify:user:1124177193,2015-10-06T21:54:58Z,"art pop,chamber pop,indie rock,indietronica,neo-synthpop,seattle indie",0.391,0.658,5,-7.438,1,0.0331,0.431,0.868,0.575,0.536,147.367,3,
3QUFXibrb96DlCYEarY4xv,7r2lG8Ui6vGHAgsKlE8Hd8,Pete Shelley,Witness the Change,Homosapien,1981,290480,0,spotify:user:1124177193,2014-03-20T23:35:05Z,"solo wave,synthpop",0.674,0.857,2,-8.246,1,0.0728,0.0131,0.0285,0.0393,0.96,106.952,4,
753TM4WYdS82JejgirIunK,7r2lG8Ui6vGHAgsKlE8Hd8,Pete Shelley,I Don't Know What It Is,Homosapien,1982-01-15,211800,8,spotify:user:1124177193,2022-10-24T20:46:47Z,"solo wave,synthpop",0.809,0.89,4,-6.754,1,0.0521,0.128,0.000556,0.651,0.792,127.577,4,
41kEkWdudsPyAAhEaJ3Q9G,2mDUt0bSAdmgG3WQMhLJz9,Peter Brown,The Singer's Become a Dancer,A Fantasy Love Affair,1977,235306,6,spotify:user:1124177193,2018-05-26T12:58:44Z,,0.762,0.46,7,-17.359,1,0.114,0.0962,0.0000147,0.148,0.824,172.953,4,
1FyNqgD7LtXkmYGN6xtwyB,793TtQhrYnwEJtoasqDceG,Peter Croce,Do What You Wanna Do - Mr. PC Mystic Rhythm Dub Edit,Edits From Detroit #2,2020-02-03,542500,3,spotify:user:1124177193,2022-10-24T20:14:00Z,,0.803,0.663,10,-10.849,0,0.0426,0.00199,0.749,0.086,0.487,122.014,4,
1d1bXq6yV6mI6wtFeMYl7Y,"0cmMtXdvPj5KIcx5Q67Eud,7C2DSqaNkh0w77O5Jz1FKh,6vN6bIVUA9rT1gCreTIcAM,6smduqXQTpYLxA6MKAJ7pw,1XwKO1rv2sKy664Q8eJcwc","Peter Giger's Family Of Percussion,Archie Shepp,Trilok Gurtu,Albert Mangelsdorff,Wolfgang Dauner",Here Comes the Family,A Drum Is a Woman,2006,443000,9,spotify:user:1124177193,2022-10-24T13:43:35Z,"spiritual jazz,swiss experimental,free jazz,jazz saxophone,indian jazz,tabla,german jazz,jazz trombone",0.675,0.407,0,-10.754,0,0.0884,0.554,0.0105,0.119,0.7,148.197,4,
1stGrjWtmKjPbtdJU284Sc,6bz3WHCeD79OBp7s8FAoUm,Peter Gordon & Love of Life Orchestra,Beginning of the Heartbreak / Don't Don't,Peter Gordon & Love of Life Orchestra,2010-10-12,530960,21,spotify:user:1124177193,2023-05-17T14:20:23Z,,0.475,0.641,9,-7.72,1,0.0317,0.00271,0.342,0.101,0.238,102.703,4,
1dpo13mNgb8WQL2jLqIzq9,3obOTYzd1x51MamVaLYVmm,Peter Jacques Band,Fly With The Wind - US 12 Inch Mix,Fire Night Dance,1979,547828,5,spotify:user:1124177193,2022-10-31T20:43:59Z,"deep disco,hi-nrg,italo disco",0.626,0.942,6,-7.949,0,0.0475,0.00551,0.167,0.0627,0.706,135.656,4,
4HtioygsctU8ESlFFmYCtg,0oea1hwGMfUxZbLxJc1XUN,Peter Tosh,Dubbing Buk-In-Hamm Palace - 2002 Remastered Version,Mystic Man,2002-07-08,512173,13,spotify:user:1124177193,2023-05-20T18:23:05Z,"reggae,roots reggae",0.753,0.965,4,-6.15,0,0.0436,0.33,0.916,0.0757,0.872,113.83,4,
0Nf0aldmzZqXUFbVXPHoyd,7fVBYlm65H50HLNLAQHBt5,Phil Kieran,Polyrhythmic,Polyrhythmics,2018-03-23,381258,8,spotify:user:1124177193,2022-10-24T20:14:00Z,irish techno,0.765,0.739,7,-9.455,1,0.124,0.00177,0.818,0.123,0.311,125.996,4,
3PHaQTfvPQrJdsuIVEOQjA,6ZNeppgfBLPUyugks9Yn1u,Philip Bailey,Billy Jack,Love Will Find A Way,2019-06-21,416813,8,spotify:user:1124177193,2019-08-23T17:09:25Z,yacht rock,0.732,0.553,10,-12.326,0,0.0682,0.194,0.238,0.142,0.64,106.011,4,
1QmhkjuUlosROqKk59sBSK,"69lxxQvsfAIoQbB20bEPFC,400JXdqRhBKf0A6qNoLCSJ","Philip Glass,Bruce Brubaker",Opening,Hope Street Tunnel Blues: Music for Piano By Philip Glass and Alvin Curran,2007-07-16,353146,49,spotify:user:1124177193,2023-05-20T18:39:12Z,"american contemporary classical,classical,compositional ambient,contemporary classical,minimalism,classical piano,contemporary classical piano",0.179,0.026,0,-30.937,0,0.0385,0.996,0.89,0.0836,0.068,77.116,3,
0oR9XRneKUIefSfy5y0IJ8,6XaCe40GiIt7ujxQvfmvsp,Phillipi & Rodrigo,Gueto de Gent,Mantra / New Beach,2016-02-12,306039,0,spotify:user:1124177193,2018-05-29T22:13:35Z,nova musica paulista,0.749,0.631,1,-8.197,1,0.0442,0.788,0.0224,0.0988,0.7,105.002,4,
42bM3SvNMiE5OaUv7M4H4d,58s2ai02wNuy7QUqmKTNKp,Pilou,Ça va,France chébran (French Boogie: 1980 - 1985),2015-11-13,203280,0,spotify:user:1124177193,2019-08-23T17:09:25Z,,0.737,0.748,9,-6.105,0,0.226,0.288,0.0397,0.117,0.812,110.165,4,
0Q2RSXtJYgNb0rLNuFfjA1,4zFfG4YHoSp9uxAHAdwv1W,Pixeltan,Yamerarena-I,Yamerarena-I,2009-11-24,348093,0,spotify:user:1124177193,2015-09-12T16:23:40Z,,0.746,0.867,2,-7.809,1,0.0814,0.125,0.163,0.527,0.748,125.048,4,
71Xdal9GrMy9DWuEbAKe7I,1Knqr98gY1JxSElifR2aNW,Plant43,The Toll Gate,Edge Of The Wood,2018-03-09,713483,2,spotify:user:1124177193,2022-09-07T18:16:48Z,nu electro,0.389,0.911,11,-12.13,0,0.0485,0.646,0.915,0.1,0.241,194.652,4,
4r608qFvEK55vdNyOPtnwf,5szdY7KaSi7epwyffrbV8c,Poolside,Harvest Moon,Pacific Standard Time,2012-07-09,368773,0,spotify:user:1124177193,2014-06-25T22:26:29Z,"indie soul,indietronica,nu disco",0.782,0.622,2,-5.823,1,0.0411,0.288,0.53,0.584,0.921,106.022,4,
323YwQry65mZQXJjAAvoms,4bvWFV51SAEocM22uiDOza,Pretty Sister,Drive,Drive,2016-02-05,255315,0,spotify:user:1124177193,2016-05-01T18:23:12Z,la pop,0.651,0.775,5,-4.595,0,0.0789,0.0694,0,0.134,0.769,95.013,4,
54X78diSLoUDI3joC2bjMz,5a2EaR3hamoenG9rDuVn8j,Prince,Purple Rain,Purple Rain,1984-06-25,520786,65,spotify:user:1124177193,2022-10-24T20:55:32Z,"funk,funk rock,minneapolis sound,rock,synth funk",0.367,0.452,10,-10.422,1,0.0307,0.0353,0.00228,0.689,0.189,113.066,4,
1oZNh749l4OIJYgrnpENZG,5a2EaR3hamoenG9rDuVn8j,Prince,When We're Dancing Close and Slow,Prince,1979-10-19,323440,27,spotify:user:1124177193,2022-09-07T18:20:52Z,"funk,funk rock,minneapolis sound,rock,synth funk",0.723,0.107,6,-19.074,1,0.0475,0.00316,0.393,0.0882,0.0551,89.53,4,
0OfWbtiZ3fHd64VmpCSj7g,5a2EaR3hamoenG9rDuVn8j,Prince,Erotic City,The Hits / The B-Sides,1993-09-13,235493,35,spotify:user:1124177193,2014-10-11T22:41:49Z,"funk,funk rock,minneapolis sound,rock,synth funk",0.941,0.839,11,-6.457,1,0.125,0.0667,0.0123,0.242,0.763,125.437,4,
6xTRwIi3qFeVtN6Pi52Ar3,"5a2EaR3hamoenG9rDuVn8j,7bNJ8B2kMi9urGEfKPsBGP,1044NKEAaGJ76ULKFyrO9u,2UR9IypKWH4XrC6I1ZK6tA","Prince,Eric Leeds,Keith Kc"" Cohen",Clockin' the Jizz (feat. Eric Leeds) - Instrumental Version,Gett Off,"Kimm James""",1992-10-06,293773,5,spotify:user:1124177193,2018-05-29T22:03:57Z,"funk,funk rock,minneapolis sound,rock,synth funk",0.719,0.655,10,-10.878,0,0.0807,0.0147,0.285,0.356,0.414,99.723,4
54WGSppM0ibZtsuNU8xjkK,1pUMwXCq7PqAbwLGpQ5UCV,Prinzhorn Dance School,You Are The Space Invader,Prinzhorn Dance School,2007-05-28,173483,4,spotify:user:1124177193,2023-05-20T19:34:21Z,brighton indie,0.922,0.473,7,-6.038,1,0.042,0.0138,0.37,0.0566,0.271,107.578,4,
0Hlj8r5vTEVO5Gui8CtBsV,3W8dralHmc6PqvM9Ws9S83,Projections,Set It Up,This Is Rong Music Disc 1,2006-03-14,356706,3,spotify:user:1124177193,2014-06-25T22:29:07Z,,0.764,0.671,9,-7.14,1,0.0606,0.0557,0.757,0.0662,0.59,107.302,4,
39vMjlTRMjgLJDghSxcPkE,3Mo1LckxhZk6jwf3pjamD0,Psychemagik,Rattlesnake - Original Mix,Rattlesnake,2019-06-14,201999,0,spotify:user:1124177193,2019-08-10T11:51:23Z,"balearic,uk house",0.664,0.844,1,-8.028,1,0.077,0.0000812,0.927,0.312,0.135,120.002,4,
1w1Y3ZFmcB1JbNm5QJxws0,3Mo1LckxhZk6jwf3pjamD0,Psychemagik,Mink & Shoes - Dub Mix,Mink & Shoes,2015-09-18,444850,0,spotify:user:1124177193,2018-05-29T22:13:42Z,"balearic,uk house",0.772,0.694,8,-6.685,0,0.0558,0.0333,0.91,0.037,0.5,116.012,4,
2M4TkrBIAivhMoLpbfuPlK,7oc9zyI7Oi70GGiz7B6LVK,Punkin Machine,I Need You Tonight,La marche (Original Motion Picture Sountrack),2013-11-25,337293,0,spotify:user:1124177193,2014-03-09T17:30:11Z,disco,0.973,0.54,6,-12.666,0,0.0472,0.0229,0.291,0.0628,0.974,126.908,4,
12SY1IDzol5dg1yBTUoKYx,7oc9zyI7Oi70GGiz7B6LVK,Punkin Machine,I Need You Tonight,I Need You Tonite / Tonight,1981,338844,49,spotify:user:1124177193,2022-10-24T20:52:05Z,disco,0.975,0.57,6,-10.604,0,0.048,0.00717,0.277,0.072,0.968,126.909,4,
5itqAWiPW1961LJSXhz1s9,2EOrSEDPcZ9feKWSi8Fpdi,Q Lazzarus,Goodbye Horses,Goodbye Horses - Single,2013-07-02,187720,0,spotify:user:1124177193,2018-05-29T22:13:25Z,new romantic,0.772,0.409,5,-15.061,1,0.0355,0.0896,0.252,0.0522,0.495,125.476,4,
7nhWtCc3v6Vem80gYPlppQ,1dfeR4HaWDbWqFHLkxsg1d,Queen,Cool Cat - Remastered 2011,Hot Space (2011 Remaster),1982-05-03,209106,61,spotify:user:1124177193,2023-10-21T17:16:18Z,"classic rock,glam rock,rock",0.818,0.4,9,-9.927,1,0.11,0.302,0.00241,0.18,0.838,73.76,4,
5vdp5UmvTsnMEMESIF2Ym7,1dfeR4HaWDbWqFHLkxsg1d,Queen,Another One Bites The Dust - Remastered 2011,The Game (2011 Remaster),1980-06-27,214653,82,spotify:user:1124177193,2014-03-12T22:54:44Z,"classic rock,glam rock,rock",0.933,0.528,5,-6.472,0,0.161,0.112,0.312,0.163,0.754,109.967,4,
5Z866Pqq9PXeussPpyi9QE,6ads91oGvShy5G5LfYq5Oo,Raggio Di Luna,Comanchero,100 titres Italie,2011-09-05,237773,0,spotify:user:1124177193,2014-03-09T17:20:23Z,,0.603,0.742,11,-7.388,1,0.0734,0.576,0.0000318,0.0531,0.611,192.52,4,
0MnI39P9Dze0PSUjetb8Va,6FITmSxIMsk6TfulFiCIIz,Ram Jam,Black Betty,The Dukes Of Hazzard (Music From The Motion Picture),2005-07-19,235520,52,spotify:user:1124177193,2015-09-12T15:48:29Z,southern rock,0.485,0.731,11,-8.789,0,0.0925,0.00109,0.00108,0.162,0.831,117.022,4,
7vvuBvw121GTG6JH9IMDaS,"2XH1sDAtO4ZqslKGfQynr3,7eya8MYxqJhn7kB4EQet5o","Rammellzee,K-Rob",Beat Bop - Edit,Giant Single: Profile Records Rap Anthology,2012-01-27,370533,22,spotify:user:1124177193,2015-09-12T23:02:25Z,afrofuturism,0.813,0.45,9,-14.59,0,0.349,0.441,0,0.31,0.827,90.859,4,
6qvkAXKtLbXEEVtUib4TAI,6eEsIl4wosvhuWI0mfXxAF,Rare Earth,I Just Want To Celebrate,Rare Earth,2005-08-23,396773,21,spotify:user:1124177193,2014-09-21T09:49:52Z,"blues rock,classic rock,country rock,psychedelic rock,psychedelic soul,southern rock,symphonic rock",0.453,0.625,0,-7.574,1,0.143,0.323,0,0.376,0.757,88.992,4,
32gS4FzxqAONHaXdrDfwIB,5Owm9QgL9BSCRQKTX6T08G,Red Axes,Sun My Sweet Sun,Sun My Sweet Sun,2016-03-18,527566,0,spotify:user:1124177193,2018-05-29T22:10:17Z,float house,0.704,0.932,10,-8.083,0,0.036,0.076,0.79,0.369,0.447,119.978,4,
7lho7sTZBzie1gERq3dEtm,5Owm9QgL9BSCRQKTX6T08G,Red Axes,Sun My Sweet Sun,Sun My Sweet Sun,2016-03-18,527566,26,spotify:user:1124177193,2023-10-25T23:31:35Z,float house,0.704,0.932,10,-8.083,0,0.036,0.0758,0.79,0.369,0.447,119.978,4,
5ecyygySeHnn628aBjrYPF,5Owm9QgL9BSCRQKTX6T08G,Red Axes,The Metal Bender - Original Mix,Waiting For A Surprise,2015-09-14,377110,15,spotify:user:1124177193,2023-05-17T14:16:18Z,float house,0.711,0.693,8,-9.646,1,0.0376,0.226,0.91,0.363,0.651,100.009,4,
2SMQQX11RBFBnTkkZqrDfd,5ZpsIb1MwTyfMmRH3Ma0KG,Red Rack'Em,Wonky Bassline Disco Banger,Wonky Bassline Disco Banger,2016-09-16,489750,22,spotify:user:1124177193,2018-05-29T22:00:43Z,uk house,0.815,0.459,10,-12.588,0,0.0906,0.078,0.826,0.067,0.613,124.996,4,
0LPbju2BjZRmrN05Tps5FU,3CtpGjVnInfWi1lhtwVNKe,Renaldo & The Loaf,Hambu Hodo,The Elbow Is Taboo,2017-06-06,464133,6,spotify:user:1124177193,2023-10-26T08:08:08Z,"british experimental,zolo",0.913,0.58,9,-12.15,1,0.143,0.18,0.0792,0.377,0.909,107,4,
0kpsbum2PWQcJflO5IYD9A,5P6ras6DRyKL3BAUOKWjiT,Rex Ilusivii,Facedance,Selected Works,2018-06-10,334341,4,spotify:user:1124177193,2023-04-19T20:00:01Z,,0.568,0.907,11,-5.872,1,0.246,0.502,0.0936,0.197,0.591,85.09,4,
2gfoDNgEvMkBBl7Ge76pjb,6V7UiIPscKqmcOd3MSIRhQ,Richard Wahnfried,Charming The Wind,Time Actor - Pop Meets Art,1990-05-01,289600,2,spotify:user:1124177193,2023-05-20T19:13:05Z,ambient house,0.608,0.373,8,-20.187,1,0.0494,0.235,0.815,0.0917,0.754,143.312,4,
2vdGLCXwH5Hzp9KBxTWHZT,4GY15o5wifKk78FOxgyAJt,Rob Mehl,House On the Rock,Psychemagik Presents: Magik Sunrise,2013-05-20,206640,11,spotify:user:1124177193,2018-05-27T09:13:45Z,trop rock,0.913,0.693,6,-8.977,1,0.0471,0.49,0.000287,0.073,0.963,113.992,4,
7oWyeVfKagJEFvevDtjuVN,530Sdm7eqqzWBdDmILMgnu,Robert Palmer,The Silver Gun,Pride,1983-01-01,360973,7,spotify:user:1124177193,2022-10-24T20:45:06Z,"album rock,classic rock,dance rock,mellow gold,new romantic,new wave,new wave pop,singer-songwriter,soft rock,yacht rock",0.692,0.533,4,-14.17,1,0.044,0.0188,0.325,0.0827,0.919,123.013,4,
4Ro7D8WjneguyfdSM63ZLR,530Sdm7eqqzWBdDmILMgnu,Robert Palmer,Come Over,Double Fun,1978-01-01,248826,18,spotify:user:1124177193,2019-08-10T12:16:48Z,"album rock,classic rock,dance rock,mellow gold,new romantic,new wave,new wave pop,singer-songwriter,soft rock,yacht rock",0.712,0.511,1,-15.292,1,0.0405,0.0597,0.235,0.0859,0.766,91.569,4,
0p48pOhJyjCOkfZIdNWe9Z,5iksmHDN2qZQcgFfXqIXtT,Robert Wyatt,The Age Of Self,Old Rottenhat,1986,168186,26,spotify:user:1124177193,2018-05-26T16:11:47Z,"art rock,canterbury scene,experimental,zolo",0.636,0.69,10,-11.442,1,0.0545,0.162,0.00394,0.292,0.586,90.736,4,
5zcDts5QaOLEXH2Q5RI1JX,"6UE7nl9mha6s8z0wFQFIZ2,43mWhBXSflupNLuNjM5vff","Robyn,Soulwax",Ever Again - Soulwax Remix,Ever Again (Soulwax Remix),2019-08-23,434007,27,spotify:user:1124177193,2019-08-23T15:25:59Z,"dance pop,electropop,neo-synthpop,scandipop,swedish electropop,swedish pop,alternative dance,belgian electronic,belgian indie,belgian indie rock,belgian rock,electronica,filter house,ghent indie,mashup",0.888,0.815,4,-7.183,0,0.0473,0.0818,0.277,0.0607,0.958,120.004,4,
4FgargSIlA8x3rF4E39Khh,3iWrgTzTfB3qLRMJPSzC8t,Rockets,On the Road Again,On the Road Again,1978,516013,32,spotify:user:1124177193,2014-06-25T22:23:36Z,,0.729,0.819,11,-6.953,0,0.047,0.11,0.519,0.487,0.713,131.268,4,
0vZCwj0Mq5uS8GwSIYo6Y7,2y8Jo9CKhJvtfeKOsYzRdT,Rod Stewart,Passion,Foolish Behaviour,1980,333200,39,spotify:user:1124177193,2022-10-24T12:01:53Z,"mellow gold,soft rock",0.692,0.525,9,-12.691,1,0.0373,0.0212,0.0019,0.0944,0.0879,103.679,4,
4PWEykGSiHKHPolL4TVNjw,"3qwabfaWewpfli7hMNM3O8,43mWhBXSflupNLuNjM5vff","Róisín Murphy,Soulwax",Something More - Soulwax Remix,Something More (Soulwax Remix),2020-09-11,351818,0,spotify:user:1124177193,2023-05-20T17:52:14Z,"art pop,electronica,electropop,neo-synthpop,trip hop,alternative dance,belgian electronic,belgian indie,belgian indie rock,belgian rock,filter house,ghent indie,mashup",0.754,0.847,11,-6.684,1,0.0606,0.00997,0.123,0.107,0.962,110.006,4,
2Ogr3hXsjLUhniT2n0WRNy,47AdLKtk98Yxeod6noeZKt,Roland P. Young,Ballo-Balla,Hearsay I-Land,2013-12-17,342739,18,spotify:user:1124177193,2022-09-07T18:38:38Z,,0.667,0.674,6,-7.988,1,0.0543,0.000121,0.117,0.0725,0.803,90.011,4,
5r0yByOxPzDsg3y0g2BwGl,2EJvdxcW7tJIsOEqkP46lf,Rory Phillips,Mover,Mixed Fortunes 1 & 2,2012-07-10,346823,0,spotify:user:1124177193,2014-03-21T00:13:05Z,,0.783,0.771,2,-6.337,1,0.0656,0.0369,0.867,0.0848,0.187,105.995,4,
6IAZGsowsxSANxFZUYBvdy,1OxJzMLmR9l5zPLap9OxuO,Rose Royce,Do Your Dance,In Full Bloom,1977,556360,24,spotify:user:1124177193,2018-05-26T16:12:06Z,"classic soul,disco,funk,motown,post-disco,quiet storm,soul,southern soul",0.712,0.735,10,-11.74,0,0.0909,0.0738,0.00386,0.0284,0.56,107.776,4,
3mqdDz1UF0jo86AJJZ8xbS,1OxJzMLmR9l5zPLap9OxuO,Rose Royce,R.R. Express (Long Edit),R.R. Express,2019-12-27,421613,12,spotify:user:1124177193,2024-03-18T21:16:29Z,"classic soul,disco,funk,motown,post-disco,quiet storm,soul,southern soul",0.81,0.59,3,-10.471,0,0.0429,0.00266,0.00473,0.0356,0.702,116.007,4,
5le4sn0iMcnKU56bdmNzso,3WbeZvDk1COiO2dEokZqn7,Roy Ayers Ubiquity,Everybody Loves The Sunshine,Everybody Loves The Sunshine (Reissue),1976-05-12,239666,65,spotify:user:1124177193,2023-05-01T19:20:35Z,"jazz funk,p funk,soul jazz",0.52,0.571,11,-10.326,0,0.036,0.168,0.00000514,0.17,0.701,161.051,3,
3BT48CjHIiEfNMgBBKSx0V,5FuvR7Tu8y77JHCfQwafwm,Rubber Band,Caoutchouc,Belgica,2016-02-26,272946,0,spotify:user:1124177193,2019-08-10T11:27:49Z,,0.772,0.917,1,-4.821,1,0.0334,0.0829,0.903,0.0584,0.241,114.984,4,
6kVMvLTreE8NNOqegFBv4y,7DEFw2EIxIdxHlRs4TcHtp,S.D Moisen,Nankurunaisa,Komorebi,2020-04-30,127200,0,spotify:user:1124177193,2022-10-24T20:14:00Z,,0.768,0.336,7,-14.282,1,0.193,0.851,0.962,0.0995,0.464,99.989,4,
3bgu3131q5kONCUXd2msMk,0uJ3slTa84vD3TSUMoihLk,SANDII,ZOOT KOOK,EATING PLEASURE,2006-09-13,375773,16,spotify:user:1124177193,2022-08-30T10:36:37Z,"japanese new wave,techno kayo",0.631,0.924,9,-5.072,1,0.0537,0.192,0.293,0.171,0.538,97.868,4,
4Kn1HtsiONTQVYHszwWyv4,60l7VdLxk8JUaoTFrkNOuv,Santi Arisa & La Tribu,Au Vinga Pica,Passa-t'ho Bé,1991-05-07,106026,0,spotify:user:1124177193,2019-08-10T12:34:30Z,,0.838,0.485,8,-10.611,0,0.235,0.0452,0.00297,0.0773,0.366,91.963,4,
6MdHzOQC9kZPk5n1WZFAqk,59luKpdal8UwxcuLJNoKwS,Scritti Politti,Absolute,Absolute,2011-01-01,264533,0,spotify:user:1124177193,2014-03-13T00:16:38Z,"new romantic,new wave pop,sophisti-pop,synthpop",0.625,0.961,2,-3.928,1,0.0725,0.104,0.0133,0.298,0.47,114.363,4,
0qhMienD69CGmqbtIfEBTG,49MWptkmKlkpRPmwOfC7Ly,Sedoy,Vinyl - Original Mix,Lotto / Vinyl EP,2015-05-23,383616,0,spotify:user:1124177193,2016-05-01T18:22:43Z,,0.805,0.976,11,-5.468,0,0.0554,0.000406,0.806,0.0424,0.653,122.002,4,
6IjCYqTABr0csUnTTLRs0G,2bvT1GZOPfa5bQWXMlai2M,Sergey Karpov,Open The Door - инструментал,Open The Door (инструментал),2020,297639,1,spotify:user:1124177193,2022-10-24T14:38:38Z,,0.689,0.702,7,-9.358,1,0.0908,0.135,0.745,0.121,0.306,99.966,4,
1H3OyBjuFAzAws1zlr0MVb,53Wv96pfZjVIPkMdUKn5eO,Seydinah,A La Folie,A La Folie,2009-11-27,369880,6,spotify:user:1124177193,2019-08-10T11:27:49Z,,0.665,0.952,11,-12.038,0,0.046,0.00218,0.826,0.524,0.536,119.965,4,
4LtS1h16zU4Lb5A3g5mXJV,4qF2B6S4FgNqNMIVnbSWfh,Shadow,Let's Get It Together,Sweet Sweet Dreams (Analog Africa No. 22),2016-12-16,385229,16,spotify:user:1124177193,2022-10-24T12:02:12Z,calypso,0.608,0.777,1,-12.376,1,0.0482,0.00986,0.00124,0.171,0.907,100.982,4,
3JP2uSRr7s0RwbmENm8Kcv,7eYoqLpLD211aYrxb64AzN,Sheila Chandra,Quiet 1,Quiet,2012-09-10,537799,0,spotify:user:1124177193,2019-08-10T11:27:49Z,"world,world fusion",0.326,0.237,8,-14.141,1,0.0323,0.926,0.24,0.089,0.117,169.984,4,
6MDspSXL7bckz8ElvX1AMb,7eYoqLpLD211aYrxb64AzN,Sheila Chandra,Lament,The Struggle,2012-09-10,384106,5,spotify:user:1124177193,2024-03-18T21:08:18Z,"world,world fusion",0.63,0.531,8,-10.795,1,0.0334,0.433,0.71,0.139,0.498,103.925,4,
5R6ol4f8WCUCWNrB7Ymf99,6OQrOpxSIfPai3cFaN4v4P,Sheila E.,A Love Bizarre,Romance 1600,1985,738053,42,spotify:user:1124177193,2018-05-26T13:52:27Z,"disco,freestyle,funk,minneapolis sound,new jack swing,quiet storm,rock drums,urban contemporary",0.768,0.612,1,-13.381,1,0.0454,0.0217,0.0239,0.0513,0.878,113.798,4,
0a8Y4j22ugEZKdSZwwKhVk,3LMmWHeU0PGvCcD5gelFfe,Shina Williams & His African Percussionists,Agb'oju L'ogun - Original 12 Version,Agb'oju L'ogun,2017-06-16,702167,0,spotify:user:1124177193,2018-05-29T22:13:12Z,"african percussion,afrobeat",0.821,0.496,7,-10.959,1,0.17,0.0471,0.369,0.0488,0.689,120.63,4,
2rgXlBAl5O215xx10z44qt,2ZvXaOrinJFZDexa3fWqMZ,Shit Robot,Hey Creep!,5 Songs,2023-11-03,356373,5,spotify:user:1124177193,2024-03-18T21:28:42Z,"alternative dance,balearic,electrofox,new rave,nu disco",0.653,0.932,0,-5.59,1,0.0396,0.0323,0.896,0.0736,0.71,105.391,4,
0EALU3Cm6MuHIIXsBzaZei,2ZvXaOrinJFZDexa3fWqMZ,Shit Robot,Dingbat - Feat Museum of Love,We Got a Love,2014-03-17,395680,0,spotify:user:1124177193,2022-03-31T21:03:19Z,"alternative dance,balearic,electrofox,new rave,nu disco",0.674,0.903,5,-6.692,1,0.0436,0.000148,0.743,0.176,0.599,117.501,4,
5IctqhtXVwumWhC3gJjkBV,"2ZvXaOrinJFZDexa3fWqMZ,2nIzOTNOvPxPlgzB4GQHPc","Shit Robot,Museum Of Love",Dingbat,We Got A Love,2014-03-17,395680,0,spotify:user:1124177193,2014-06-25T22:32:24Z,"alternative dance,balearic,electrofox,new rave,nu disco,etherpop,gauze pop",0.675,0.904,5,-6.693,1,0.0437,0.00015,0.743,0.174,0.611,117.497,4,
1NauizwCSFPBQJh7YvgEW4,"2ZvXaOrinJFZDexa3fWqMZ,3ni9LX95aVQksOuoHFEbEx","Shit Robot,Reggie Watts",We Got A Love,We Got A Love,2013-09-09,292998,0,spotify:user:1124177193,2015-05-20T20:17:52Z,"alternative dance,balearic,electrofox,new rave,nu disco,comic",0.759,0.684,5,-8.516,0,0.132,0.0341,0.283,0.352,0.488,125.015,4,
3wK1A8n2wgfjTnxnQgY3bl,"2ZvXaOrinJFZDexa3fWqMZ,3ni9LX95aVQksOuoHFEbEx","Shit Robot,Reggie Watts",Where It's At (feat. Reggie Watts) - Johnny Aux Remix,Where It's At (feat. Reggie Watts),2015-04-27,366496,0,spotify:user:1124177193,2015-10-06T21:31:59Z,"alternative dance,balearic,electrofox,new rave,nu disco,comic",0.809,0.68,1,-6.385,1,0.0327,0.00773,0.887,0.135,0.715,125.006,4,
0oMueOG7har6cspRxwB0nJ,"2ZvXaOrinJFZDexa3fWqMZ,3ni9LX95aVQksOuoHFEbEx","Shit Robot,Reggie Watts",Where It's At - Johnny Aux Remix,Where It's At,2015-04-27,366496,12,spotify:user:1124177193,2023-05-01T19:38:59Z,"alternative dance,balearic,electrofox,new rave,nu disco,comic",0.809,0.68,1,-6.384,1,0.0326,0.00777,0.886,0.134,0.714,125.01,4,
6UbTEaEPnNVYrJelrjMrWM,"2ZvXaOrinJFZDexa3fWqMZ,4SyhggzJ0Q6JBSGJYoDcxd","Shit Robot,Suzi Horn",Breathe (Looking At Gibraltar),5 Songs,2023-11-03,325813,15,spotify:user:1124177193,2024-03-18T21:15:39Z,"alternative dance,balearic,electrofox,new rave,nu disco",0.745,0.895,1,-4.907,1,0.038,0.00491,0.244,0.206,0.73,115.469,4,
33rM24Dnk8bcQnhUQEqmnO,"4Uh8AQcVEIc0kHoTwKRMcc,43mWhBXSflupNLuNjM5vff","Shock Machine,Soulwax",Open up the Sky - Soulwax Remix,Open up the Sky (Soulwax Remix),2016-12-23,548720,0,spotify:user:1124177193,2018-05-26T14:53:25Z,"alternative dance,belgian electronic,belgian indie,belgian indie rock,belgian rock,electronica,filter house,ghent indie,mashup",0.604,0.891,2,-3.727,1,0.0772,0.0262,0.616,0.0501,0.466,170.037,4,
6x8GTjnhmPlEtJ1kMg7voU,5zdhsKuFI263xttcgdoW3c,Shriekback,My Spine Is The Bass Line,Oil and Gold,1985-10-14,238520,20,spotify:user:1124177193,2022-10-24T20:32:49Z,deep new wave,0.58,0.833,7,-13.16,1,0.0508,0.123,0.247,0.0561,0.915,112.479,4,
5tQCtYFqgPspN0zsmZeGDo,6hN9F0iuULZYWXppob22Aj,Simple Minds,This Fear Of Gods - Remastered 2002,Empires And Dance,1980-09-01,420733,23,spotify:user:1124177193,2022-09-07T18:14:03Z,"album rock,dance rock,new romantic,new wave,new wave pop,rock,scottish new wave,soft rock",0.671,0.656,11,-8.482,0,0.0459,0.0134,0.393,0.0613,0.618,98.282,4,
5Z0QlU7KbLoC2ld4Kla7A3,22680B8sUdq6bL6nQaJfwg,Siriusmo,Wow,Allthegirls,2008-01-11,224333,0,spotify:user:1124177193,2014-03-13T00:25:35Z,"destroy techno,electrofox,filter house",0.723,0.781,1,-5.99,1,0.063,0.0344,0.855,0.449,0.764,119.963,4,
7cKLOenzViwzoHJWciMIrj,21pMSs2JHWwwy2kp1QIIVB,Sister Nancy,Bam Bam,One Two,1982,196506,0,spotify:user:1124177193,2015-09-12T23:05:38Z,dancehall queen,0.722,0.605,5,-6.07,1,0.153,0.825,0.0178,0.248,0.709,165.998,4,
5MuNxNox3zTanAFIO5KcTl,6gkWznnJkdkwRPVcmnrays,Sister Sledge,He's the Greatest Dancer - 1995 Remaster,Atlantic 60th: On The Dance Floor Vol. 2,2007-10-30,375400,48,spotify:user:1124177193,2014-03-13T00:21:12Z,"disco,funk,philly soul,quiet storm,soul",0.7,0.815,7,-9.711,0,0.044,0.00115,0.00124,0.0901,0.837,113.245,4,
0lRdRDk8JPupemo1uV4SUv,"6gkWznnJkdkwRPVcmnrays,0H50J2JBGvMud4sNbRaWjI,3yDIp0kaq9EFKe07X1X2rz","Sister Sledge,Bernard Edwards,Nile Rodgers",Lost In Music - 1984 Bernard Edwards & Nile Rodgers Remix,12 Inch Dance: 80s Groove,2014-06-27,395413,0,spotify:user:1124177193,2015-10-06T21:33:16Z,"disco,funk,philly soul,quiet storm,soul,post-disco soul",0.696,0.88,0,-5.35,0,0.0326,0.0107,0.000442,0.204,0.819,116.72,4,
3V4oWLLZ9mFjN2ZRCs4Xck,7g3IdTRwftop40ksZH0bIf,SK Project,Your Love Is Taking Me Over - SK Mix,Your Love Is Taking Me Over,1991-05-05,382520,0,spotify:user:1124177193,2020-02-26T20:22:56Z,piano house,0.764,0.638,1,-14.068,0,0.0389,0.00136,0.0123,0.0668,0.611,122.976,4,
7C9G9grdrb4fWcRReE1ImC,77hZrUq3H8RNHqhc1l4YUW,Skatt Bros,Walk The Night,Strange Spirits,1979,235000,0,spotify:user:1124177193,2022-10-24T14:51:13Z,,0.736,0.506,7,-16.202,1,0.0564,0.052,0.1,0.447,0.427,114.208,4,
5pANXMCORR6rnJtzYkvkAd,6OzpbdankE26K03oeoHhPN,Sky,Westway,Sky 1,2015-02-16,219613,27,spotify:user:1124177193,2022-10-24T20:14:00Z,,0.668,0.529,2,-13.284,1,0.0309,0.181,0.711,0.0651,0.778,94.532,4,
6zt4HWnIFLi4BvASHEJTtK,3nOQJdlPEzFVhTEzxwcGax,Sophie Hunger,I Opened A Bar,Molecules,2018-08-31,232048,27,spotify:user:1124177193,2019-08-23T17:09:25Z,"swiss indie,swiss rock",0.771,0.744,7,-8.426,1,0.0394,0.0194,0.0164,0.103,0.695,113.957,4,
2Xl0VcibQ782UkQlkY7zQx,"43mWhBXSflupNLuNjM5vff,2wHNtBwYEwTG4pU4K9taDG","Soulwax,Chloe Sevigny",Heaven Scent - Deeweedub,Heaven Scent,2016-07-15,418801,0,spotify:user:1124177193,2018-05-29T22:07:13Z,"alternative dance,belgian electronic,belgian indie,belgian indie rock,belgian rock,electronica,filter house,ghent indie,mashup",0.765,0.901,10,-5.521,0,0.0472,0.0424,0.904,0.25,0.264,102.993,4,
4SP40pXHnawvutZZfY6Aou,"43mWhBXSflupNLuNjM5vff,2wHNtBwYEwTG4pU4K9taDG","Soulwax,Chloe Sevigny",Heaven Scent - DEEWEEDUB,Heaven Scent,2016-07-15,418801,14,spotify:user:1124177193,2023-11-08T20:43:24Z,"alternative dance,belgian electronic,belgian indie,belgian indie rock,belgian rock,electronica,filter house,ghent indie,mashup",0.765,0.901,10,-5.521,0,0.0472,0.0425,0.905,0.25,0.264,102.993,4,
53KjgbrsKcLqTW4cstj06g,"20ztaBo1Ap1UXnF0HpOX44,3V4lVinkwdxxhWtT58RUkr","Speedometer,James Junior",No Turning Back (feat. James Junior),No Turning Back,2015-07-24,254773,23,spotify:user:1124177193,2016-05-01T18:18:42Z,"bboy,instrumental funk",0.726,0.704,2,-8.356,0,0.037,0.283,0.00257,0.0767,0.904,113.504,4,
4FvqKoXTEDYcnElQJEq2dn,"20ztaBo1Ap1UXnF0HpOX44,3V4lVinkwdxxhWtT58RUkr,6E7SbenCPEit9gDFnMlDUA","Speedometer,James Junior,The Reflex",No Turning Back - The Reflex Revision Full Length Version,No Turning Back,2015-06-29,406000,1,spotify:user:1124177193,2018-05-29T22:16:24Z,"bboy,instrumental funk",0.844,0.894,2,-7.772,0,0.0598,0.154,0.863,0.0793,0.916,118.005,4,
2Z7cd08vj6r38uG0OfKt3I,3Rj0tDHoX7C5NFq5DKIpHt,Stereolab,Emperor Tomato Ketchup,Emperor Tomato Ketchup,1996-03-18,277333,0,spotify:user:1124177193,2014-03-13T00:19:50Z,"alternative rock,art pop,experimental,experimental pop,experimental rock,indietronica,neo-psychedelic,no wave,noise pop",0.684,0.909,1,-10.942,0,0.0536,0.0463,0.0135,0.285,0.785,151.064,4,
3kLFfUPLDYOQxQLuy8acxo,6QtGlUje9TIkLrgPZrESuk,Steve Miller Band,Space Intro,Fly Like An Eagle,1976-01-01,74628,33,spotify:user:1124177193,2019-08-11T10:30:41Z,"album rock,classic rock,hard rock,heartland rock,mellow gold,rock,singer-songwriter,soft rock",0.184,0.112,0,-25.658,1,0.0446,0.946,0.908,0.666,0.0523,71.696,4,
5eWabdYf3t4Zh5oWEWgDif,6QtGlUje9TIkLrgPZrESuk,Steve Miller Band,Fly Like An Eagle,Fly Like An Eagle,2010-09-27,286733,0,spotify:user:1124177193,2014-03-09T17:27:30Z,"album rock,classic rock,hard rock,heartland rock,mellow gold,rock,singer-songwriter,soft rock",0.522,0.875,7,-8.315,1,0.125,0.8,0.0115,0.365,0.588,98.365,4,
69ZGaXg5BV9HRxOgexbu6N,0EEHriKw0Gzrmb2ZII2apY,Steve Monite,Only You,"Doing It in Lagos: Boogie, Pop & Disco in 1980's Nigeria",2016-12-09,381040,0,spotify:user:1124177193,2018-05-26T16:08:43Z,afro-funk,0.786,0.921,0,-6.842,1,0.101,0.0552,0.00181,0.0629,0.628,118.373,4,
1MNJqhMyxeojG0z0yUpSDj,"0EEHriKw0Gzrmb2ZII2apY,4v7upfGmNDHTJUgdwbvxDS","Steve Monite,Frankie Francis",Only You - Frankie Francis Disco Jam Edit,Steve Monite / Tabu Ley Rochereau Edits,2016-06-21,470863,36,spotify:user:1124177193,2023-05-17T14:24:19Z,afro-funk,0.82,0.816,9,-6.623,0,0.093,0.0428,0.0764,0.11,0.675,118.34,4,
33ow51yGQZ5xUTM6kGwHmE,1aVONoJ0EM97BB26etc1vo,Steve Reich,Music for 18 Musicians: Section IIIA,Music for 18 Musicians,1998,235106,26,spotify:user:1124177193,2019-08-10T12:38:30Z,"american contemporary classical,classical,compositional ambient,contemporary classical,minimalism",0.412,0.391,9,-12.774,1,0.0498,0.995,0.875,0.155,0.251,107.308,3,
1skt5BnzeeubvC5QB8X15e,1aVONoJ0EM97BB26etc1vo,Steve Reich,Pulse - Sections I-X - Pulse,ECM Selected Signs III - VIII,2013-06-21,690306,0,spotify:user:1124177193,2019-08-10T11:27:49Z,"american contemporary classical,classical,compositional ambient,contemporary classical,minimalism",0.582,0.37,9,-18.316,1,0.0487,0.979,0.959,0.0626,0.226,107.528,3,
2hmdWr3UjU3aXS4KjhQgex,"1aVONoJ0EM97BB26etc1vo,7AADdrRfJmtyfmSZ3mhZ7w,414b0lu4cATE2b6rIZRPvY,1pIjsgq40IyvlSb2YOMSW0,0bAsonQhLCM38XGCuSC8Cy,4qxaBnAW65Qi6nkNj9VJge,0oQsPAtflbAFAvQ2VreJI6,1TshxKjef84cLu21WVqE6E,5dTy1i0xUIqLrvUQp5wqZk,3SfPWx1bnDcsSNI0V1cBYu,6uxu8Pyyh6zwQ9Wk4sfLk8,1We8NIMamCr4t1eHwIkv13,1d18M8wVkvWhBCDhosj782,7bb6nZR5R7OdVVXw4s1yTe,760ODAtCOMnmIifC3w1s5M,3Ygu5iDjBfTtFpUASncAtk,6KQUdUd2ZcoVEp7mu6C0Vn","Steve Reich,Ida Szabo,Ágnes Dobszay,Zsuzsanna Lukin,Katalin Károlyi,Janos Maczak,Zoltán Rácz,György Oravecz,Zsolt Sarkany,Zoltán Váczi,Karoly Bojtos,Benedek Tóth,Tibor Nemes,Gergely Bíró,Aurél Holló,Amadinda Percussion Group,Group 180",Music for 18 Musicians,Reich: Music for 18 Musicians,2014-07-15,3669320,13,spotify:user:1124177193,2016-05-01T18:26:49Z,"american contemporary classical,classical,compositional ambient,contemporary classical,minimalism,classical percussion,modern performance",0.556,0.714,6,-8.955,0,0.0398,0.927,0.867,0.671,0.316,108.2,3,
1btbETYpL4k36deXilTMZ4,6G8G0c1A6j6vhqfU4qmV4s,Still Going,Still Going Theme,Still Going Theme,2007-09-18,426920,0,spotify:user:1124177193,2015-09-12T16:22:08Z,"balearic,nu disco",0.779,0.442,1,-11.081,0,0.0934,0.0693,0.728,0.0612,0.629,123.011,4,
1AWdTY4hPU1U5q5ceJ26yg,7MRMahYCfHhumbcvdV8joK,Strafe,Set It Off (Vocal),the original Set It Off,2006-01-01,585453,39,spotify:user:1124177193,2019-08-23T17:09:25Z,old school hip hop,0.803,0.569,7,-11.711,1,0.0588,0.00413,0.0481,0.0545,0.393,111.703,4,
38DAUnVJ0zqOdRuW7RG3sl,61oNrjLV0SUliHTOXUgCXg,Stretch,Why Did You Do It - Remastered,Elastique (Remastered),1975,211906,46,spotify:user:1124177193,2023-05-20T18:14:54Z,,0.748,0.755,6,-7.28,0,0.0782,0.0554,0,0.0628,0.886,98.284,4,
1DVNcMCRgFLFt82C1ftGQP,4HIRYFKfadMcns9YGf9WXt,Stupid Human,Swamp Funk,Swamp Funk,2021-01-01,448417,18,spotify:user:1124177193,2023-05-20T18:22:02Z,,0.948,0.328,6,-14.744,0,0.0703,0.0302,0.416,0.65,0.768,109.563,4,
2gmDBlJ5WYkaNoCfWtcb65,0s8r2Pnv0xfCilxCVaAU2G,Su Kramer,Magic Dance - Remastered,Die zwei Gesichter,2011-12-02,259306,9,spotify:user:1124177193,2014-03-12T23:28:32Z,,0.667,0.72,6,-11.04,0,0.142,0.00274,0.266,0.256,0.519,192.865,4,
447Ir6tOKjOYp0NOJp0c8y,1aINZWAZFNh6dfCtOQCtAT,Sugardaddy,How Long,Late Night Tales: Music for Pleasure,2012-06-11,270918,0,spotify:user:1124177193,2018-05-27T09:15:04Z,,0.695,0.743,0,-8.397,0,0.0283,0.00142,0,0.0488,0.718,114.977,4,
4IBDjopKWaH6GZEknV2P7O,6uVeWolwyRDrT84lLsaZyW,Suicide,Misery Train,American Supreme,2002-10-28,318399,0,spotify:user:1124177193,2023-05-20T18:12:30Z,"experimental,experimental rock,no wave,noise rock,synth punk",0.892,0.403,10,-12.867,0,0.0589,0.0432,0.539,0.187,0.59,97.939,4,
3jnF7Hltn8ehEwm693YgHk,78k6nS6YleW2l4F0TgAjw1,SunPalace,Rude Movements,Raw Movements | Rude Movements,2016-11-18,471146,0,spotify:user:1124177193,2018-06-01T19:20:01Z,,0.64,0.766,8,-10.205,1,0.0413,0.433,0.811,0.0558,0.663,107.949,4,
5DgjoGDM2CsJr6l4l6LDZf,0rMScAC6pl5e5tF5zrwjdI,Sunscreem,Perfect Motion,Pure... 90s Dance Party,2010-12-10,242026,7,spotify:user:1124177193,2019-08-23T17:09:25Z,classic progressive house,0.56,0.756,7,-12.224,1,0.032,0.01,0.622,0.144,0.203,135.071,4,
6CTv5qKVvkxsvSRQfC6SjO,4chxVeRqRTbEAi1VtJa6vA,Suzy Q,Tonight,I Need You Tonite / Tonight,1981,390127,39,spotify:user:1124177193,2022-10-24T20:55:04Z,"deep disco,hi-nrg,italo disco",0.934,0.637,6,-10.19,0,0.0489,0.000115,0.0000834,0.0403,0.947,125.82,4,
4MWobnyzNJbfQZVbTmXkyH,5xA3zslV2KbUIZR5QsuNgw,Sworn Virgins,Lazer Beam - Edit,Lazer Beam (Edit),2019-07-17,247680,0,spotify:user:1124177193,2019-08-10T11:45:36Z,,0.724,0.9,7,-4.719,1,0.0918,0.0000509,0.00237,0.364,0.717,125.01,4,
1ZPjZAvZ8fdfUr0WFgKPoI,5xA3zslV2KbUIZR5QsuNgw,Sworn Virgins,Take Your Lady,Lazer Beam,2019-05-24,416763,0,spotify:user:1124177193,2019-08-10T11:45:26Z,,0.729,0.852,0,-6.638,1,0.0579,0.173,0.621,0.084,0.908,120.007,4,
4nHKlHSuPG8Hmr3RDZr6TL,5xA3zslV2KbUIZR5QsuNgw,Sworn Virgins,The Male Man,The Male Man,2021-12-16,367422,18,spotify:user:1124177193,2022-09-07T18:16:39Z,,0.766,0.902,9,-4.754,0,0.0413,0.00548,0.691,0.043,0.822,118.026,4,
1zsqYj7aUhI5SnzfTpz49A,5xA3zslV2KbUIZR5QsuNgw,Sworn Virgins,Searchin for Hiro,Searchin for Hiro,2022-01-19,471804,12,spotify:user:1124177193,2022-10-24T20:14:00Z,,0.783,0.823,8,-6.582,1,0.0303,0.0461,0.221,0.196,0.647,116.997,4,
6b4A9H1olYuc6J9p9mM1pJ,5xA3zslV2KbUIZR5QsuNgw,Sworn Virgins,Fifty Dollar Bills,Fifty Dollar Bills,2018-07-20,430440,0,spotify:user:1124177193,2018-07-30T05:49:31Z,,0.788,0.871,1,-4.991,1,0.138,0.104,0.851,0.152,0.742,124.994,4,
2g2qFc7GnPi64esy16U2Xg,1DoyIKYcf1Pw2tMFFy0oEi,Syclops,Nelson's Back,I've Got My Eye on You,2018-04-30,366733,1,spotify:user:1124177193,2022-10-24T20:52:59Z,experimental house,0.659,0.705,11,-11.84,0,0.0421,0.582,0.841,0.139,0.736,100.036,4,
5nUfbXGXSULNLxJyndR5iB,1DoyIKYcf1Pw2tMFFy0oEi,Syclops,Where's Jason's K,I've Got My Eye on You,2018-04-30,399000,21,spotify:user:1124177193,2022-10-24T20:52:30Z,experimental house,0.784,0.402,2,-14.525,1,0.0839,0.0156,0.651,0.0953,0.701,127.01,4,
6RewYu2hTmEuiSRSGUTPH5,5TGTpu4g8siFOIctZuQO7y,Sylvester,Over And Over,Sylvester,1977,422133,0,spotify:user:1124177193,2014-10-11T22:43:46Z,"disco,hi-nrg",0.481,0.632,11,-8.17,1,0.0342,0.0108,0.000602,0.11,0.937,131.418,4,
134foW4EyZdOh9RbJYMg4h,5TGTpu4g8siFOIctZuQO7y,Sylvester,You Make Me Feel (Mighty Real),The Original Hits,1989-01-01,394693,0,spotify:user:1124177193,2014-03-12T22:53:54Z,"disco,hi-nrg",0.632,0.723,10,-15.275,1,0.0325,0.117,0.51,0.0725,0.961,131.514,4,
6dC66ztLWiYp34KBd68E2b,5TGTpu4g8siFOIctZuQO7y,Sylvester,I Need Somebody To Love Tonight,Stars,1979,411346,35,spotify:user:1124177193,2022-10-24T20:14:00Z,"disco,hi-nrg",0.73,0.356,7,-17.845,1,0.0749,0.798,0.895,0.0736,0.865,104.903,4,
7jUDKdgTo3kMfGIfeQQEMw,"5TGTpu4g8siFOIctZuQO7y,43mWhBXSflupNLuNjM5vff","Sylvester,Soulwax",You Make Me Feel (Mighty Real) - Soulwax For Despacio Remix,You Make Me Feel (Mighty Real) [Soulwax For Despacio Remix],2021-06-25,658706,31,spotify:user:1124177193,2021-08-07T00:46:20Z,"disco,hi-nrg,alternative dance,belgian electronic,belgian indie,belgian indie rock,belgian rock,electronica,filter house,ghent indie,mashup",0.611,0.939,0,-6.426,1,0.0447,0.000589,0.477,0.309,0.763,125.005,4,
2ThEOIi8utZz5GSZZCRVWi,594LqcHtMvKoR0URmSiYJB,Syreeta,Can't Shake Your Love - Larry Levan 12 Mix,Set My Love In Motion (Expanded Version),2011-01-01,334506,0,spotify:user:1124177193,2015-11-16T19:50:50Z,,0.836,0.698,5,-8.182,1,0.109,0.298,0.00248,0.0864,0.882,127.301,4,
5PzK3L2Lm4mbo0H89CAWzg,4zLYrCC0iBYDV8QmEYzUFS,T-Connection,Do What You Wanna Do,This Is... 1977,2008-08-11,437626,0,spotify:user:1124177193,2014-03-12T22:58:59Z,"bahamian pop,disco,p funk,post-disco",0.679,0.787,10,-9.365,0,0.0397,0.0437,0.253,0.0981,0.823,120.552,4,
6ZP0yDjwqBc34wPYKVDMnH,3dBVyJ7JuOMt4GE9607Qin,T. Rex,Scenescof Dynasty,"Prophets, Seers & Sages",1968-10-14,251693,2,spotify:user:1124177193,2014-03-18T02:28:55Z,"classic rock,glam rock,protopunk,rock,singer-songwriter",0.852,0.238,5,-13.815,0,0.91,0.854,0,0.071,0.685,130.323,3,
35MRd8ShKOIqbfklIgeaSb,7hYOOcRqfNzeE2CTpajd5a,Tabu Ley Rochereau,Hafi Deo,Mangase / Hafi Deo,2014-08-04,570275,33,spotify:user:1124177193,2018-05-26T13:20:31Z,"afropop,rumba congolaise,soukous,zilizopendwa",0.75,0.763,6,-6.454,0,0.0538,0.232,0.00513,0.302,0.833,123.452,4,
4QvrEeYaJChAe7PJ8DvJme,2x9SpqnPi8rlE9pjHBwmSC,Talking Heads,Once in a Lifetime - 2005 Remaster,Remain in Light (Deluxe Version),1980-10-08,259906,0,spotify:user:1124177193,2014-03-12T22:55:48Z,"alternative rock,art punk,dance rock,funk rock,new wave,permanent wave,post-punk,rock,zolo",0.644,0.919,2,-6.289,1,0.0561,0.181,0.134,0.622,0.871,117.459,4,
1i6N76fftMZhijOzFQ5ZtL,2x9SpqnPi8rlE9pjHBwmSC,Talking Heads,Psycho Killer - 2005 Remaster,Talking Heads '77 (Deluxe Version),1977-09-16,261413,75,spotify:user:1124177193,2016-05-01T18:21:49Z,"alternative rock,art punk,dance rock,funk rock,new wave,permanent wave,post-punk,rock,zolo",0.721,0.521,2,-8.123,1,0.0613,0.0708,0.00545,0.127,0.942,123.118,4,
3yO1OjqT59JyjHaQZcCYDX,2x9SpqnPi8rlE9pjHBwmSC,Talking Heads,Burning Down the House - 2005 Remaster,Speaking in Tongues (Deluxe Version),1983-05-31,241773,52,spotify:user:1124177193,2019-08-23T17:09:25Z,"alternative rock,art punk,dance rock,funk rock,new wave,permanent wave,post-punk,rock,zolo",0.776,0.871,5,-11.108,0,0.0519,0.00294,0.0129,0.0598,0.57,103.249,4,
38kBXKJxzjplrjdPrVP21o,2x9SpqnPi8rlE9pjHBwmSC,Talking Heads,This Must Be The Place (Naive Melody) - 2005 Remastered Version,Speaking In Tongues (Deluxe Version),1983-05-31,296146,0,spotify:user:1124177193,2014-03-09T18:12:32Z,"alternative rock,art punk,dance rock,funk rock,new wave,permanent wave,post-punk,rock,zolo",0.942,0.641,7,-10.15,1,0.0333,0.331,0.179,0.028,0.966,114.443,4,
0akbrmvj1tzHE4TBozH04f,"5INjqkS1o8h1imAzPqGZBb,43mWhBXSflupNLuNjM5vff","Tame Impala,Soulwax",Let It Happen - Soulwax Remix,Let It Happen (Soulwax Remix),2015-09-21,556924,0,spotify:user:1124177193,2016-02-07T17:15:08Z,"australian psych,modern rock,neo-psychedelic,rock,alternative dance,belgian electronic,belgian indie,belgian indie rock,belgian rock,electronica,filter house,ghent indie,mashup",0.743,0.85,1,-4.611,0,0.0337,0.188,0.811,0.111,0.798,125.017,4,
6MxEMpiSW2X7tzWtgKS4yM,0dcrOX2MtZ2k8OX81gtnXk,Tantra,A Place Called Tarot - Idjut Boys Re-Edit,A Place Called Tarot / Hungry,2004-06-01,655080,0,spotify:user:1124177193,2020-02-26T21:17:51Z,,0.735,0.476,9,-12.917,1,0.0479,0.106,0.865,0.0974,0.621,118.668,4,
5cUveBB5FkW337Tpfsx7uS,6Y7sP6UmEue4Ym3m5HqK8X,Teengirl Fantasy,Cheaters,7:00 AM,2010-09-13,391773,9,spotify:user:1124177193,2020-02-26T21:23:49Z,,0.535,0.668,2,-12.984,1,0.421,0.0166,0.0154,0.088,0.195,125.051,4,
3iRyOx6Lzd8Cu7Shj5Pbwo,"6Y7sP6UmEue4Ym3m5HqK8X,1YvN5uOGQkHVUUlZUcnotD","Teengirl Fantasy,John Talabot",Cheaters - John Talabot's Classic Vocal Refix,Tapes,2012-07-02,390773,0,spotify:user:1124177193,2023-05-20T18:15:02Z,"balearic,electronica,future garage,microhouse,minimal techno",0.551,0.842,2,-7.123,1,0.371,0.0169,0.0135,0.107,0.221,125.048,4,
3awEVOFwO946DLmMZ5gCKa,6PzO2zYVuLxLwhZJfnP1Wj,Telex,Victime De La Société - 2023 Remaster,Looking For Saint-Tropez (Remastered),2023-04-14,233300,5,spotify:user:1124177193,2024-03-18T21:08:38Z,"belgian new wave,early synthpop",0.688,0.687,3,-12.218,1,0.0775,0.443,0.000765,0.151,0.662,102.582,4,
11vZ8s5Cgf0J4YXf3kFW7c,6PzO2zYVuLxLwhZJfnP1Wj,Telex,Moskow Diskow - 2021 Remaster,This Is Telex,2021-04-30,198815,25,spotify:user:1124177193,2022-10-25T10:45:24Z,"belgian new wave,early synthpop",0.7,0.785,7,-13.284,0,0.0446,0.00936,0.752,0.0618,0.878,130.233,4,
62e5L0XiNfRzafy4WSbVFa,"6oeMWYZzs6TueKjUUGXFx2,43mWhBXSflupNLuNjM5vff","Tendts,Soulwax",Cosmic Swimmer - Soulwax Remix,Cosmic Swimmer,2019-01-11,408015,0,spotify:user:1124177193,2022-10-29T19:58:56Z,"alternative dance,belgian electronic,belgian indie,belgian indie rock,belgian rock,electronica,filter house,ghent indie,mashup",0.822,0.819,2,-6.635,1,0.0745,0.102,0.781,0.0659,0.837,114.01,4,
3sfOY3kjXizPstadKxpnwP,77zrvBORXcnTyysjjKRfBU,The Art Of Noise,Moments In Love,Who's Afraid of the Art of Noise (DeLuxe),2011-09-05,617360,0,spotify:user:1124177193,2014-03-09T17:21:11Z,"new romantic,synthpop",0.676,0.4,9,-8.491,1,0.0716,0.441,0.135,0.176,0.469,138.09,4,
648R7nEhGZIpZ0zVHJteRF,5AFUcmuGYgnILlAZ1jL1Vh,The Astec Mystic,Jaguar,Submerge Vol.1:Detroit Techno,2008-07-29,399000,37,spotify:user:1124177193,2015-10-06T21:14:34Z,detroit techno,0.604,0.951,2,-5.959,0,0.0408,0.00513,0.821,0.1,0.689,137.642,4,
6ZEVMb0NsZX2ubSVwYYczv,68g1s6VqLLLBI3tXR0Bb7C,The Asteroids Galaxy Tour,The Sun Ain't Shining No More,The Sun Ain't Shining No More,2009-03-16,217760,19,spotify:user:1124177193,2018-05-29T22:14:15Z,,0.56,0.948,7,-3.182,0,0.0961,0.517,0.00000504,0.103,0.613,118.97,4,
43gPaOe7TCHnhFz0ZREoLk,5fcgmSpBW17yrtEsr5Mf4v,The Barking Dogs,The Guitar Man (Original Mix),The Guitar Man,2010-07-25,363115,4,spotify:user:1124177193,2015-11-16T20:13:21Z,,0.831,0.657,11,-10.37,0,0.0479,0.0559,0.000151,0.0396,0.231,119.001,4,
0vhCcrN8ULryq1KuEEYlm2,3oDbviiivRWhXwIE8hxkVV,The Beach Boys,Do It Again - Remastered 2001,20/20 (Remastered),1969-02-10,146373,46,spotify:user:1124177193,2018-05-29T22:14:45Z,"baroque pop,classic rock,folk rock,mellow gold,psychedelic rock,rock,singer-songwriter,sunshine pop",0.726,0.576,3,-6.487,1,0.0337,0.609,0.00117,0.242,0.823,117.691,4,
3jPXnX4SskFgAcC4YBKOwN,3WrFJ7ztbogyGnTHbHJFl2,The Beatles,Sun King - Remastered,Abbey Road (Remastered),1969-09-26,146266,0,spotify:user:1124177193,2016-05-01T18:28:38Z,"british invasion,classic rock,merseybeat,psychedelic rock,rock",0.483,0.177,2,-17.629,1,0.0277,0.284,0.499,0.116,0.192,74.994,4,
3pIotONiKgayMBBKECqd22,3WrFJ7ztbogyGnTHbHJFl2,The Beatles,Here Comes The Sun - Remastered,The Beatles 1967 - 1970 (Remastered),1973-04-02,187373,0,spotify:user:1124177193,2016-01-03T10:04:50Z,"british invasion,classic rock,merseybeat,psychedelic rock,rock",0.557,0.519,9,-11.164,1,0.0357,0.0362,0.00126,0.105,0.371,129.157,4,
7zoiA8mBoaiiYTkzUGtkIe,1PCZpxHJz7WAMF8EEq8bfc,The Byrds,Triad,The Notorious Byrd Brothers,1968-01-15,211933,21,spotify:user:1124177193,2018-05-26T16:05:46Z,"album rock,beatlesque,classic rock,cosmic american,country rock,folk,folk rock,mellow gold,psychedelic rock,rock,soft rock",0.55,0.428,2,-9.981,1,0.0271,0.756,0.0000362,0.127,0.433,94.181,4,
4F04VUPxNNqhGuLYT4jOtg,6DCIj8jNaNpBz8e5oKFPtp,The Cars,A Dream Away,Shake It Up,1981-11-06,340693,25,spotify:user:1124177193,2018-05-26T16:12:20Z,"album rock,classic rock,hard rock,mellow gold,new romantic,new wave,new wave pop,permanent wave,power pop,rock,singer-songwriter,soft rock,synthpop",0.638,0.423,1,-16.199,1,0.0335,0.00384,0.733,0.146,0.863,105.979,4,
3GXUnoVn6SLoBY3PkPYROn,7Dqz1aleBpcrM2dPQFbuhF,The Cats 'N' Jammer,Disco Drum,Afro Gold,2010,183301,0,spotify:user:1124177193,2014-10-11T22:30:05Z,,0.758,0.262,11,-18.792,0,0.181,0.0348,0.849,0.0967,0.438,97.658,4,
7eC5Dsrp7Yr7h0tPCojLgG,0Na3lGtrQVJlRaQEnQD5P2,The Chaplin Band,Il Veliero - Extended Version,Il Veliero,2009-12-08,720480,22,spotify:user:1124177193,2018-05-29T21:46:46Z,deep disco,0.651,0.464,2,-16.1,1,0.032,0.0143,0.757,0.0672,0.823,120.835,4,
17hdos7cv1vAvcfoTU4Pym,5fScAXreYFnuqwOgBsJgSd,The Charlatans,The Only One I Know,Some Friendly,1990-10-08,238120,0,spotify:user:1124177193,2016-05-01T19:46:34Z,"britpop,dance rock,madchester",0.543,0.572,5,-13.124,1,0.0317,0.0685,0.00119,0.0823,0.533,113.312,4,
7sQkeztZAGR3haZL71wvZe,3RGLhK1IP9jnYFH4BRFJBS,The Clash,This is Radio Clash,Hits Back,2013-08-26,252480,41,spotify:user:1124177193,2014-03-09T17:34:34Z,"alternative rock,permanent wave,punk,rock",0.918,0.764,11,-5.549,0,0.102,0.0423,0.000336,0.134,0.752,122.353,4,
4gSdykl1fhmubnfWfsJcOD,0nGxKkhmIzyu6bvuXrko1e,The Congos,Congoman,Heart Of The Congos,1977,335426,30,spotify:user:1124177193,2023-05-17T14:15:37Z,"dub,reggae,roots reggae",0.646,0.597,10,-15.045,0,0.0414,0.282,0.758,0.0766,0.83,100.382,4,
5FUDQ4FNmCbZ5gtLGA7K6K,6LFrJ9S3C34Uzuvy1b6VRM,The Escorts,Make Me Over,The Helva Records Sessions,1981,426957,2,spotify:user:1124177193,2023-05-20T18:20:48Z,classic soul,0.839,0.644,9,-10.939,0,0.0457,0.0713,0.0000361,0.539,0.94,109.734,4,
6MtsjHqPCheY2TgVJmvVxw,11bKdhdaE9OZjDtaRDCOef,The Fantasy,Summer Night in Harlem,Secret Mixes Fixes Vol. 14,2012-09-19,376482,26,spotify:user:1124177193,2018-05-27T09:10:10Z,,0.826,0.437,7,-12.266,1,0.064,0.025,0.0000239,0.143,0.918,124.011,4,
3LD2NhKTPihCrg8diHr8nJ,2wu1gkizYW3GwspkJv3OIa,The Force,It's Ok,Trax Classics Presents Rewind 1984 Mixed by Rick Garcia,2000-08-02,123320,0,spotify:user:1124177193,2015-10-06T21:30:56Z,,0.778,0.703,2,-11.942,1,0.102,0.0000447,0.0203,0.128,0.521,124.386,4,
2tC3zTzVbZEyZKpjc4wEiA,"2w5pLnLRqI8mQwiktn7CMd,4BFAQLhAi2YQXgzY4vFJqn","The Housemaster Boyz,The Rude Boy of House",House Nation,The Original Chicago House Classics,2002-03-25,492293,0,spotify:user:1124177193,2019-08-23T17:09:25Z,"chicago house,classic house",0.793,0.85,10,-7.422,0,0.129,0.323,0.0337,0.372,0.853,123.479,4,
6eR2LyWcHI6nq2HmLetZ4v,1aX2dmV8XoHYCOQRxjPESG,The Human League,Hard Times/Love Action (I Believe in Love) - Instrumental /2012 Remaster,Dare/Fascination! (2012 - Remaster),1981,667960,10,spotify:user:1124177193,2023-05-20T19:26:59Z,"new romantic,new wave,new wave pop,permanent wave,sophisti-pop,synthpop",0.826,0.419,0,-8.745,1,0.0538,0.0194,0.634,0.108,0.804,121.609,4,
439cKtFDdYF2thAtAYEVg5,2iE18Oxc8YSumAU232n4rW,The Jackson 5,Hum Along And Dance,Get It Together,1973-09-12,517866,17,spotify:user:1124177193,2023-05-20T19:28:13Z,"motown,soul",0.601,0.802,2,-9.966,1,0.0725,0.0028,0.542,0.344,0.573,112.682,4,
0LBFzvjKC3MtsfDGDXCHFT,6vfep4dbtpomWYsWoWBMOF,The Jellies,Jive Baby On A Saturday Night,Jive Baby On a Saturday Night,2010-08-09,281600,30,spotify:user:1124177193,2023-05-20T17:44:58Z,,0.95,0.562,0,-7.683,1,0.205,0.12,0.243,0.0775,0.888,104.797,4,
5vazlZCYJK4IxBO6Q9Oii3,6r26MaDr8bqNALjXgYPXMa,The Jesus Lizard,Then Comes Dudley,Goat (Remaster / Reissue),1991,263226,35,spotify:user:1124177193,2022-10-25T11:02:16Z,"alternative rock,experimental rock,grunge,noise rock,post-hardcore",0.481,0.506,11,-12.368,0,0.0456,0.0000297,0.401,0.109,0.571,130.297,4,
0nTN9vU7iGW6FGaY7AJHrE,"7G7TTMHdSQFMmYoFmoVQiY,1fd2blxXQa111coetJPkUI","The League Unlimited Orchestra,Martin Rushent",Things That Dreams Are Made Of - Instrumental / Remix / Remaster 2002,Dare!/Love And Dancing,1981,308853,11,spotify:user:1124177193,2018-06-01T19:15:35Z,,0.969,0.414,7,-6.59,1,0.126,0.0814,0.152,0.187,0.81,125.221,4,
3XPOwqZH6WsBLn3uURmXQ4,1iElGdidl4zFXOpaaem4wZ,The Lijadu Sisters,Come On Home,Horizon Unlimted,1979-01-01,316866,0,spotify:user:1124177193,2018-05-29T22:14:11Z,"afrobeat,afropop,world",0.516,0.547,11,-7.851,0,0.0834,0.0796,0.000192,0.0808,0.909,96.864,4,
2jmHL688XMJ1uRoMNLY8hO,6cBdXnLZZ80RDHOvNPVUcY,The Messengers,In The Jungle,The Complete Motown Singles Vol. 11B: 1971,2008-03-03,186240,2,spotify:user:1124177193,2022-10-24T20:14:00Z,muzica crestina,0.663,0.915,5,-4.19,1,0.0878,0.431,0.000507,0.156,0.829,116.689,4,
2xGMzDlPnmPHD8HUYOy4Lw,1oX1l8zC13ovzEoGm2CAsd,The Michael Zager Band,Let's All Chant,Let's All Chant,1977,184453,50,spotify:user:1124177193,2019-09-10T20:53:32Z,deep disco,0.85,0.769,4,-8.648,0,0.0359,0.0289,0.01,0.0899,0.967,122.007,4,
1wZVdvJuR5pLSyPyCXl6dq,2eRdPaLHWAL4d1WcNUO9Vz,The Modern Lovers,Don't let our youth go to waste,Live at the longbranch and more,1973,101360,11,spotify:user:1124177193,2023-12-12T19:20:26Z,"alternative rock,boston rock,experimental rock,garage rock,lo-fi,no wave",0.492,0.0767,10,-20.121,1,0.444,0.211,0,0.127,0.0807,198.036,3,
4CdIElRxsKNHa5WEwAHpgA,3fn5LrIuCbwlhFtFoZE2s3,The New York Community Choir,I'll Keep My Light in My Window - 12 Version,Make Every Day Count (Expanded Edition),2015-02-20,359613,22,spotify:user:1124177193,2020-02-26T21:17:03Z,,0.795,0.818,11,-6.156,1,0.0649,0.0749,0.0000812,0.0958,0.967,113.657,4,
3p1JoOEhVkEnTaa4JzTMSk,38h03gA85YYPeDPd9ER9rT,The O'Jays,For the Love of Money,Ship Ahoy (Expanded Edition),1973,439866,53,spotify:user:1124177193,2018-05-27T09:15:29Z,"classic soul,disco,funk,philly soul,quiet storm,soul,southern soul",0.679,0.802,0,-7.739,1,0.0406,0.236,0.00000233,0.132,0.894,97.375,4,
7FVvHGA46aU7mkwx4iHMRE,5HAtRoEPUvGSA7ziTGB1cF,The Orb,Little Fluffy Clouds,Adventures Beyond The Ultraworld,1991-04-02,267666,46,spotify:user:1124177193,2022-10-24T20:35:58Z,"ambient house,breakbeat,electronica,intelligent dance music,trip hop",0.661,0.542,6,-18.465,0,0.0405,0.01,0.269,0.129,0.541,104.99,4,
0Td88xMRmHSygqXEjqWvMm,"5HAtRoEPUvGSA7ziTGB1cF,28FSgx0UErqnebZfL8K6Fc","The Orb,Pal Joey",Little Fluffy Clouds - Cumulo Nimbus Mix by Pal Joey,The Orb's Adventures Beyond The Ultraworld - Deluxe Edition (3CD),1991-04-02,399866,0,spotify:user:1124177193,2014-03-13T00:07:31Z,"ambient house,breakbeat,electronica,intelligent dance music,trip hop",0.712,0.421,10,-15.451,0,0.0531,0.0247,0.765,0.805,0.293,104.847,4,
1sVdd1Zvu9VtOZEjVW7RuF,5fU6lODhpw3GEGGJuaDprR,The Osmonds,It'll Be Me,Brainstorm,1976-03-18,200533,2,spotify:user:1124177193,2023-05-20T18:53:54Z,"adult standards,bubblegum pop",0.615,0.734,10,-7.665,1,0.0706,0.0591,0.0000711,0.232,0.557,83.482,4,
3eZm4DMcDvpeUhSrvGj972,5fU6lODhpw3GEGGJuaDprR,The Osmonds,"I,I,I",Down To The Sea And Back: The Continuing Journey Of The Balearic Beat. Volume 1.,2010-06-28,253800,11,spotify:user:1124177193,2023-05-20T19:18:06Z,"adult standards,bubblegum pop",0.836,0.437,7,-15.019,1,0.0865,0.00554,0.355,0.0613,0.255,109.399,4,
1YN5mU0SudDOOUyflDqq0w,"5SxIUBREvjEssg9HCWef4m,0ZxArDGtiUwrobP8pA6hpv","The Peppers,Soulwax",Hot Caramel - Soulwax Remix,Tele Music Reinterpretations,2017-06-23,304586,0,spotify:user:1124177193,2018-05-26T12:58:05Z,,0.693,0.871,2,-5.953,1,0.13,0.0111,0.207,0.107,0.591,183.971,4,
1I73CTwuSTm5AxvY7nguOo,1FfyWHHvusAJDdBF5z1Mwu,The Phill & Friends Band,This Man,Down To The Sea And Back: The Continuing Journey Of The Balearic Beat. Volume 1.,2010-06-28,556026,13,spotify:user:1124177193,2023-05-20T18:21:36Z,,0.885,0.333,9,-12.556,0,0.0541,0.184,0.0306,0.136,0.923,110.224,4,
78rEW0IKBvCNKStaBI60XG,0utS63XytOEVN1EtzWhJpG,The Radio Dept.,Where Damage Isn't Already Done,Lesser Matters,2003-03-04,163693,0,spotify:user:1124177193,2018-05-29T22:05:28Z,"dream pop,lund indie,metropopolis,modern dream pop,nordic shoegaze,nu gaze,shoegaze,swedish indie pop",0.357,0.856,3,-4.515,1,0.0334,0.0718,0.787,0.104,0.479,148.441,4,
1jQ86hNKMD4c0w1F0RESYA,4t7bXPFEPe0pu1ozhdDLOp,The Raincoats,No One's Little Girl,Moving,1984,270360,32,spotify:user:1124177193,2023-05-20T18:03:14Z,"art punk,experimental rock,post-punk,riot grrrl,uk post-punk",0.536,0.559,9,-9.714,1,0.0352,0.00252,0.445,0.354,0.546,94.043,4,
3cPtZw0oqMEkKlGSF0SLkc,2BbwJ8VxAFpJiFr7EHvcCW,The Roches,Hammond Song,The Roches,1979-04-11,345200,41,spotify:user:1124177193,2018-05-29T21:24:32Z,folk rock,0.397,0.195,3,-11.475,1,0.0286,0.719,0.00119,0.0958,0.128,143.728,4,
0tTTsVcSCUV3VnZMKA1GUq,3w0vR06WHMVwMe1G20wmlS,The Sabres Of Paradise,Smokebelch II,Sabresonic II,1995-07-27,763640,0,spotify:user:1124177193,2014-10-11T22:46:23Z,"big beat,intelligent dance music,trip hop",0.544,0.654,7,-10.846,1,0.036,0.00546,0.843,0.223,0.508,127.894,4,
0xh2mM35Bnp4lm3GL5DLrk,5O0RrEgz4NLCPLrDZiPggz,The Slits,Earthbeat (7 Version),Return of the Giant Slits,1981-10-01,230186,20,spotify:user:1124177193,2022-10-24T13:45:22Z,"experimental rock,no wave,post-punk,punk,riot grrrl,uk post-punk",0.709,0.816,6,-6.33,0,0.0928,0.00293,0.00447,0.0862,0.753,143.29,4,
4tTDkb24puZu7XEAi352ea,3i9hP422d2KMjaupTzBNVS,The Spencer Davis Group,I'm A Man - Remastered 2010,Revolutions: The Very Best Of Steve Winwood (Deluxe),2010-01-01,177000,43,spotify:user:1124177193,2022-10-24T20:33:28Z,"british blues,british invasion,protopunk",0.555,0.914,9,-6.526,1,0.0995,0.0537,0,0.125,0.616,128.703,4,
2mv6GY70UsHiTCGQZ4JfgC,1lYT0A0LV5DUfxr6doRP3d,The Stone Roses,Fools Gold - Remastered 2009,The Stone Roses,1989-05-02,594453,57,spotify:user:1124177193,2016-05-01T19:45:49Z,"britpop,dance rock,madchester",0.731,0.875,7,-6.393,1,0.0457,0.000367,0.858,0.289,0.164,112.78,4,
5cI5EG0mUTSE2CmoAedaZA,0epOFNiUfyON9EYx7Tpr6V,The Strokes,Under Cover Of Darkness,Angles,2011-03-21,235486,0,spotify:user:1124177193,2015-10-06T21:52:28Z,"alternative rock,garage rock,modern rock,permanent wave,rock",0.539,0.783,11,-3.355,1,0.0371,0.00415,0.332,0.0668,0.575,99.989,4,
4rfVBbbZi5rWlZKZyzc9nS,2VIoWte1HPDbZ2WqHd2La7,The Turtles,I'm Chief Kamanawanalea (We're The Royal Macadamia Nuts),The Turtles Present The Battle of the Bands,1968,94840,20,spotify:user:1124177193,2018-05-29T22:09:06Z,"bubblegum pop,classic rock,folk rock,psychedelic rock,rock-and-roll,rockabilly",0.734,0.976,4,-8.396,1,0.0534,0.168,0.000781,0.377,0.491,102.169,4,
2JNSW6Y770coiS6i5t5LGy,1jJfZjn24CMAnKrGYeYefw,THE VELS,LOOK MY WAY,VELOCITY,1984-05-20,283731,3,spotify:user:1124177193,2023-10-26T08:08:27Z,,0.681,0.611,7,-7.35,1,0.0302,0.0424,0.0434,0.373,0.796,119.008,4,
6RXUrEwAsmcJAIQHYiusZO,1TqCZwDD1u5o59t5NJEuaf,The Warlord,The Ultimate Warlord,Birdsnest Records: Singles And Rarities Compilation,2021-08-06,208050,12,spotify:user:1124177193,2022-10-24T20:31:59Z,,0.764,0.257,0,-20.643,0,0.0454,0.268,0.684,0.127,0.279,121.209,4,
25khomWgBVamSdKw7hzm3l,1Xyo4u8uXC1ZmMpatF05PJ,The Weeknd,The Hills,Beauty Behind The Madness,2015-08-28,242253,23,spotify:user:1124177193,2018-05-29T22:15:12Z,"canadian contemporary r&b,canadian pop,pop",0.356,0.567,0,-7.011,0,0.0798,0.0861,0,0.137,0.109,135.553,5,
1Ho2mFQ415Q97rEe5hSO1x,6qfKnsgz1CwyqA7lTdieRJ,Third World,Now That We've Found Love - Single Version,Reggae Greats,1985-01-01,236800,0,spotify:user:1124177193,2018-06-01T19:20:37Z,"reggae,reggae fusion,roots reggae",0.754,0.479,1,-15.932,1,0.12,0.00968,0,0.167,0.747,118.449,4,
24h4E0xO4G7Ffkrk8pCwPI,5l9wiTZVfqQTfMDOt0HtwC,Tiga,Good as Gold,Sexor,2006-02-05,460200,26,spotify:user:1124177193,2022-10-24T12:00:49Z,"alternative dance,canadian electronic,dance-punk,electroclash,electronica,filter house,minimal techno,new rave",0.701,0.927,0,-4.726,1,0.0435,0.00103,0.0387,0.194,0.305,123.232,4,
26m6wCMQ244fhbHGr6ihDc,23DeFeMRFRhnfMfawvqFne,Time Bandits,I'm Only Shooting Love,Greatest Hits,1990-12-06,293106,30,spotify:user:1124177193,2015-09-12T15:51:19Z,nederpop,0.72,0.567,2,-13.863,0,0.0482,0.0162,0.000684,0.0368,0.914,118.042,4,
0dAnQllNjZLuHxCpiVbPCH,49gaZqfow2v8EEQmjGyEIw,Todd Terje,Ragysh,Ragysh,2011-04-04,500200,32,spotify:user:1124177193,2023-10-02T11:37:39Z,"balearic,electronica,filter house,indietronica,norwegian space disco,nu disco",0.806,0.786,1,-10.52,1,0.0728,0.00881,0.894,0.0728,0.634,120.008,4,
2pucDx5Wyz9uHCou4wntHa,49gaZqfow2v8EEQmjGyEIw,Todd Terje,Inspector Norse,It's the Arps,2012-01-09,400751,0,spotify:user:1124177193,2014-06-02T19:01:13Z,"balearic,electronica,filter house,indietronica,norwegian space disco,nu disco",0.912,0.781,7,-7.018,0,0.0444,0.074,0.762,0.348,0.89,119.978,4,
06IMCyZxJLmfBqyKb38ykw,1m24736Bdew1oQVxTePOCo,Tom Tom Club,Wordy Rappinghood,Wordy Rappinghood,1982,387933,29,spotify:user:1124177193,2018-05-29T22:10:29Z,"dance rock,new wave,no wave",0.849,0.563,4,-15.252,0,0.0722,0.0455,0.308,0.49,0.964,121.789,4,
6UGlSlhwl2MNhsrg5Wepq3,1m24736Bdew1oQVxTePOCo,Tom Tom Club,Genius Of Love,Tom Tom Club - Deluxe Edition,1981,339053,50,spotify:user:1124177193,2018-05-26T16:14:29Z,"dance rock,new wave,no wave",0.928,0.594,2,-10.839,1,0.0913,0.127,0.000413,0.0391,0.747,102.878,4,
7wbdd3b6ZrJllGZuRJtNGV,4j8KP6LIyjhpM282XUhjoz,Tommy Seebach,Bubble Sex,Disco Tango [Remastered],2011-11-11,343546,10,spotify:user:1124177193,2022-10-24T20:39:53Z,"classic danish pop,dansktop",0.582,0.821,9,-8.438,0,0.0278,0.00161,0.564,0.144,0.812,107.213,4,
4VGxubwiKR1ukLtyaZwMlp,4j8KP6LIyjhpM282XUhjoz,Tommy Seebach,Bubble Sex - 1998 Digital Remaster,Hip Hurra,1998-09-15,345640,20,spotify:user:1124177193,2020-02-26T21:20:44Z,"classic danish pop,dansktop",0.586,0.7,9,-12.17,0,0.0292,0.0152,0.639,0.0967,0.869,107.198,4,
4ch9op8TjLQgOL1LsvLCfB,6baRO9SiRGJORG2hFE2X39,Tone Band,Germany Calling - 7 Original Version,Germany Calling - The Very Best Of,2008-11-04,203253,8,spotify:user:1124177193,2019-08-10T12:14:23Z,,0.53,0.858,1,-8.165,1,0.0939,0.126,0.231,0.274,0.796,200.833,4,
0ZoPitaXza1yN0q2Nhtmim,6PNZ6ZfwWLiUA2BrranFl3,Tony Orlando,Don't Let Go,Disco Music Top 50,2012-09-14,513263,0,spotify:user:1124177193,2015-07-19T21:44:32Z,bubblegum pop,0.623,0.52,5,-12.471,1,0.0725,0.0229,0.00011,0.0876,0.618,114.224,4,
1AqO4nrzol1nJxUv2xK928,1jfFWJTg0vcijRXh8gVBJf,Topo,"Ba Ba Go, Go","Ba Ba Go, Go",1983-05-11,280102,23,spotify:user:1124177193,2022-10-25T10:35:44Z,,0.78,0.851,0,-8.328,1,0.0543,0.132,0.338,0.0285,0.65,99.343,4,
3Y3wQMvTFvXSuDnhZbhHYW,6GNWPphcJ5CtIwCJVV1lLT,Tornado Wallace,Trance Encounters,Lonely Planet,2017-01-13,319574,15,spotify:user:1124177193,2023-05-20T18:46:37Z,"australian house,balearic,deep soul house,float house",0.748,0.553,8,-12.595,1,0.0505,0.00842,0.925,0.131,0.621,95.012,4,
2374M0fQpWi3dLnB54qaLX,0PFtn5NtBbbUNbU9EAmIWF,TOTO,Africa,Toto IV,1982-04-08,295893,85,spotify:user:1124177193,2014-10-11T22:47:52Z,"album rock,classic rock,hard rock,mellow gold,rock,soft rock,yacht rock",0.671,0.373,9,-18.064,1,0.0323,0.257,0.0000801,0.0481,0.732,92.718,4,
2M9ro2krNb7nr7HSprkEgo,7oPgCQqMMXEXrNau5vxYZP,Tracy Chapman,Fast Car,Tracy Chapman,1988-04-05,296800,80,spotify:user:1124177193,2016-05-01T18:19:49Z,"folk,lilith,singer-songwriter,women's music",0.711,0.292,4,-15.523,0,0.037,0.313,0,0.131,0.194,103.951,4,
5XZkMrlZsAqY9ltgN1cN4b,417rMeQ1e1B90lsiS1iMZ1,Trio,Da Da Da I Don't Love You You Don't Love Me Aha Aha Aha,Triologie - The Best Of Trio,2000-02-22,206400,41,spotify:user:1124177193,2023-10-23T10:19:08Z,"german rock,neue deutsche welle",0.819,0.692,1,-11.747,1,0.0543,0.0024,0.0184,0.321,0.963,131.259,4,
1JcmMYyRAbj00Q90oHBsBr,677NtrMPiyPumrSUs8lBKk,Tullio De Piscopo,Stop Bajon,Dance From The 80s,2008-11-17,308080,11,spotify:user:1124177193,2014-06-25T22:26:14Z,"italian jazz,neapolitan funk",0.748,0.74,9,-8.035,1,0.046,0.0495,0.0029,0.0764,0.207,103.98,4,
4C1FlcaN9fDZyb11VsgTs3,0tINIr3WiUyLTJS29LhIK7,Uele Kalabubu et sa tribu,Matata,Afro Ground,1977-01-01,140506,0,spotify:user:1124177193,2022-09-07T18:13:51Z,,0.774,0.751,10,-6.81,0,0.0474,0.0283,0.154,0.131,0.398,101.3,4,
0949j8nbD2KPHvUVE6K0Ed,4P70aqttdpJ9vuYFDmf7f6,Vangelis,Spiral,Spiral,1977,417933,30,spotify:user:1124177193,2022-09-07T18:02:26Z,"cyberpunk,synthesizer",0.187,0.484,0,-13.971,1,0.0584,0.161,0.776,0.411,0.0427,80.628,4,
5M5xBbjTuewqzGenUDLaDc,2JacW7yUi5l2oVfx275Bzw,Vaughan Mason,"Bounce, Rock, Skate, Roll (A Special Remixed Disco Version)","Bounce, Rock, Skate, Roll",1984,383574,6,spotify:user:1124177193,2018-06-01T19:21:26Z,,0.796,0.431,10,-11.404,0,0.15,0.0431,0.00311,0.0429,0.506,115.709,4,
6pQmRxCcoesx1egbIFvn0V,79hpPoqu2LIVHNk1PWFoEf,Vision,Lucifer's Friend,Dreams To Fill The Vacuum: The Sound Of Sheffield 1977-1988,2019-12-06,239853,12,spotify:user:1124177193,2023-11-12T22:39:28Z,,0.748,0.735,0,-8.918,1,0.0301,0.18,0.325,0.0898,0.887,126.493,4,
6EG8LjRCc2reR9xveiNZDO,0RGps5ypicBCu2y0Cy2skj,Voyeur,Why,Tonight EP,2015-04-19,479372,0,spotify:user:1124177193,2018-05-29T22:14:06Z,,0.802,0.842,4,-7.404,1,0.0748,0.085,0.879,0.0782,0.376,121.995,4,
3hV7AUI4rjGUEbHt8KIvzJ,2HUenu3LYu8KvUYI5yClKS,VPS,Spectre,Spectre,2021-03-24,332459,0,spotify:user:1124177193,2022-10-24T20:14:00Z,,0.765,0.507,1,-17.475,0,0.0939,0.711,0.884,0.122,0.143,122.006,4,
,,Waffles,Spanish Fly,,,348000,0,spotify:user:1124177193,2018-05-26T14:46:22Z,,,,,,,,,,,,,,
,,Waffles,Gaufre,,,354000,0,spotify:user:1124177193,2018-05-26T14:46:44Z,,,,,,,,,,,,,,
,,Waffles,Uriah,,,374000,0,spotify:user:1124177193,2018-05-26T14:47:03Z,,,,,,,,,,,,,,
,,Waffles,Macao,,,278000,0,spotify:user:1124177193,2018-05-26T14:47:35Z,,,,,,,,,,,,,,
,,Waffles,Hankuri,,,312000,0,spotify:user:1124177193,2018-05-26T14:47:50Z,,,,,,,,,,,,,,
,,Waffles,Ca Va,,,325000,0,spotify:user:1124177193,2018-05-26T14:48:17Z,,,,,,,,,,,,,,
,,Waffles,Croatia White,,,369000,0,spotify:user:1124177193,2018-05-29T21:42:55Z,,,,,,,,,,,,,,
,,Waffles,Poland Waffle,,,372000,0,spotify:user:1124177193,2018-05-29T21:42:59Z,,,,,,,,,,,,,,
,,Waffles,Side A,,,422000,0,spotify:user:1124177193,2018-05-29T21:43:02Z,,,,,,,,,,,,,,
,,Waffles,Side B,,,216000,0,spotify:user:1124177193,2018-05-29T21:43:05Z,,,,,,,,,,,,,,
7KxvOqV1fMmlV48pZ4asWI,6Zh3xrWlA0SA9Fsfj9AVwm,Wang Chung,Dance Hall Days,Everybody Wang Chung Tonight... Wang Chung's Greatest Hits,1997-01-01,239133,0,spotify:user:1124177193,2014-10-11T22:46:53Z,"new romantic,new wave pop,synthpop",0.668,0.702,0,-10.529,1,0.0418,0.272,0.0151,0.231,0.523,102.646,4,
0YsQoyQjduhS3jAGHqX5Cl,3ICyfoySNDZqtBVmaBT84I,War,The World Is a Ghetto,"The Music Band, Vol.1 & 2",2011,828560,0,spotify:user:1124177193,2018-06-01T19:21:46Z,"classic soul,funk,motown,p funk,soul",0.676,0.862,7,-6.419,0,0.0612,0.437,0.885,0.093,0.892,119.523,4,
3ED33nz43zswP03NHavJ9F,1CWwXncu9sk7EIdbvqcquR,Warmduscher,Midnight Dipper,Midnight Dipper,2019-07-25,185919,0,spotify:user:1124177193,2019-08-10T12:09:49Z,crank wave,0.739,0.519,0,-6.352,0,0.0856,0.272,0.000333,0.267,0.846,105.769,4,
5XQZUuA1mTyiq3V6VYMCki,"1CWwXncu9sk7EIdbvqcquR,43mWhBXSflupNLuNjM5vff","Warmduscher,Soulwax",Midnight Dipper - Soulwax Remix,Midnight Dipper (Soulwax Remix),2020-02-26,369909,42,spotify:user:1124177193,2023-05-20T19:01:45Z,"crank wave,alternative dance,belgian electronic,belgian indie,belgian indie rock,belgian rock,electronica,filter house,ghent indie,mashup",0.778,0.759,5,-7.122,1,0.0531,0.147,0.647,0.135,0.876,106.01,4,
4B9MPmBNMqJkJCpj93NtOe,3mY9Ii0cL5SQxpOTAm8SHx,Warren Zevon,Nighttime in the Switching Yard,Excitable Boy,1978-06-01,259320,34,spotify:user:1124177193,2014-03-09T18:14:02Z,"country rock,folk,folk rock,piano rock,roots rock,singer-songwriter",0.8,0.882,8,-6.659,1,0.0495,0.0295,0.0828,0.0442,0.964,113.364,4,
0r2zVnrDtgkREj3OILGYFQ,7Jmod60ZpPG0tckhY0Ls0p,Was (Not Was),Tell Me That I'm Dreaming (Traditional 12 Remix),(The Woodwork) Squeaks,2004-01-01,393960,0,spotify:user:1124177193,2018-05-27T09:08:02Z,dance rock,0.797,0.901,7,-5.008,0,0.0546,0.0302,0.000467,0.0935,0.801,118.063,4,
7zEcilgYsOjSi6et7xJG7k,5lpH0xAS4fVfLkACg9DAuM,Wham!,Everything She Wants - Remix,This Is Not Real Love,2006-10-16,390586,0,spotify:user:1124177193,2014-10-11T22:39:57Z,"new romantic,new wave pop,soft rock",0.856,0.762,6,-5.894,0,0.0275,0.392,0.00123,0.321,0.936,114.96,4,
4AmULZtflj3SktU5MPB6EK,11fVwtMF74ZcvVyfYAkWYI,Whirlpool Productions,From Disco To Disco,Dense Music,1996-01-01,356000,39,spotify:user:1124177193,2019-08-23T17:09:25Z,cologne electronic,0.863,0.734,6,-8.077,1,0.0577,0.288,0.0576,0.159,0.961,123.877,4,
1PWAib7pKqxDpCGWRtH8Cz,31vmdwz9Zo90PSOUcS4u3M,Who's Who,Dancin' Machine,Palace Palace,2011-07-25,348805,0,spotify:user:1124177193,2015-09-12T22:54:44Z,,0.734,0.437,6,-16.077,1,0.0407,0.0857,0.0964,0.0544,0.967,96.192,4,
4IlCLjsGXojHEkLO5hEPXz,0U8TMcc0dtsUMFjft5DcGG,Will Powers,Adventures In Success,Dancing For Mental Health,1983-01-01,221053,34,spotify:user:1124177193,2015-09-12T23:34:09Z,,0.887,0.646,8,-11.414,0,0.18,0.0972,0.00000438,0.0576,0.787,94.629,4,
37RqEET1SYQaAcHDxDQLZY,3sFhA6G1N0gG1pszb6kk1m,Wings,Let 'Em In - 2014 Remaster,Wings At The Speed Of Sound (Archive Collection),1976-03-25,311880,55,spotify:user:1124177193,2015-09-12T23:04:53Z,"album rock,art rock,classic rock,folk rock,mellow gold,rock,singer-songwriter,soft rock",0.761,0.482,10,-11.849,1,0.0572,0.491,0.31,0.0864,0.626,88.054,4,
0w4QlIOtXEJEPvftQo9VSe,7qShKycqNUP0GLEiTENDVZ,Womack & Womack,M.P.B.,Conscience,1988-06-13,238066,36,spotify:user:1124177193,2023-05-01T19:22:10Z,disco,0.805,0.406,1,-14.551,0,0.0451,0.0998,0.00312,0.0851,0.961,99.355,4,
6NyGHuviK1nQgd7BbfKEfW,"115rMfffKYQgrhzmGT7fTw,3W8dralHmc6PqvM9Ws9S83","Woolfy,Projections",Set It Up,Stations,2015-08-21,347573,23,spotify:user:1124177193,2023-05-17T14:21:07Z,balearic,0.767,0.713,5,-5.561,0,0.0378,0.299,0.806,0.0927,0.852,103.992,4,
1itixj1Pms0lXfcTJFM8Dm,"115rMfffKYQgrhzmGT7fTw,2NVP4dYPgjHOpt2QFsQIll","Woolfy,Simon James",Looking Glass,If You Know What's Good For Ya !!,2009-07-09,220173,0,spotify:user:1124177193,2014-06-25T22:14:35Z,balearic,0.626,0.796,0,-5.075,1,0.0262,0.0202,0.499,0.152,0.269,118.002,4,
758Yh0vg5bbXETYA65lLEb,3x223wZwVESU3UXE1nInKS,World Premiere,Share The Night - Breakdown Mix,Share The Night,1983-12-01,424093,2,spotify:user:1124177193,2018-06-01T19:22:19Z,,0.857,0.262,11,-20.983,0,0.118,0.000918,0.839,0.133,0.743,108.467,4,
68KgRkSCasdURl11jdo7EW,1iqXhsjGeWi2Gje5q0mFYb,xxyyxx,Breeze,Xxyyxx,2012-03-27,180279,0,spotify:user:1124177193,2018-05-29T21:52:22Z,"chillwave,wonky",0.432,0.419,5,-9.831,1,0.0462,0.0118,0.00000602,0.109,0.121,125.987,4,
6fmP71rft2Eq5Ts6QsWj5K,3xLz7xXbJ4thF9a0sU81Ir,Yamasuki,Yamasuki,Le monde fabuleux des Yamasuki,2020-01-01,201371,14,spotify:user:1124177193,2023-05-20T18:57:53Z,,0.652,0.521,1,-6.9,1,0.0428,0.615,0,0.203,0.458,93.244,4,
1FreVsOdVm3pgKT3Z26XJz,1G1mX30GpUJqOr1QU2eBSs,Yazoo,Situation - 12 Remix,Upstairs at Eric’s,1982,345626,0,spotify:user:1124177193,2015-10-06T21:49:33Z,"new romantic,new wave,new wave pop,synthpop",0.76,0.411,6,-16.373,1,0.0588,0.00606,0.4,0.0491,0.402,118.785,4,
148Elv8ZOKgDUA9pqjJL0H,"1G1mX30GpUJqOr1QU2eBSs,30ZqCPhfRzzWcgIbXrbHnU","Yazoo,Francois Kevorkian",Situation - Original US Dub,Elektro Diskow,2011-10-17,348213,2,spotify:user:1124177193,2023-05-20T17:59:08Z,"new romantic,new wave,new wave pop,synthpop",0.781,0.677,6,-9.629,1,0.0543,0.00248,0.873,0.0741,0.586,118.696,4,
0fiF1vXtD1sAB0JZFLkYtX,6yTNMMqumesCWhMJ47HB2a,Yellowman,Strong Me Strong,King Yellowman,1984-05-01,228640,38,spotify:user:1124177193,2023-05-20T18:45:20Z,"dub,reggae,roots reggae",0.828,0.712,10,-12.036,0,0.0714,0.00121,0.0323,0.0767,0.847,91.869,4,
4m0iUZl8flqoEFd2jn9u1F,1Dhw0Yx6XuEeR1Wrc9ejXF,Yoko Hatanaka,出もどり魔女,香艶的夜總會（ロマンチック・ナイトクラブ）,2014-09-03,222946,0,spotify:user:1124177193,2023-05-20T19:36:10Z,kayokyoku,0.887,0.839,11,-8.738,0,0.076,0.0942,0.015,0.127,0.84,122.54,4,
1wVtRjpBb8dnpZC8XSlmiy,2s4tjL6W3qrblOe0raIzwJ,Yoko Ono,Walking on Thin Ice,Lennon Bermuda,2013-05-20,226281,20,spotify:user:1124177193,2014-03-09T17:29:54Z,"experimental,experimental pop",0.647,0.672,11,-7.913,0,0.0374,0.021,0.497,0.435,0.37,127.962,4,
1YmGCt3dEtWFguX1jcgNk8,5YDvSb4cwhVY9hQPBhyiqy,Zdenka Kovačiček,Elektra,The Best Of Collection,2017-11-14,240920,8,spotify:user:1124177193,2023-10-23T09:57:26Z,yugoslav new wave,0.631,0.831,2,-9.626,0,0.0409,0.00486,0.788,0.17,0.173,117.448,4,
,,Zed,Doragon Balls (Betty Botox Rework),"Betty Botox - Mmm, Betty! Vol.3",,494000,0,spotify:user:1124177193,2019-08-11T10:46:29Z,,,,,,,,,,,,,,
1G4aMGkzJV5yqF3XRHNqWL,3l2fkH1yrsHsfYYU2ZnwtI,Zohra,Badala Zamana (Habibi Funk 015),Badala Zamana (Habibi Funk 015),2021-06-04,190124,0,spotify:user:1124177193,2022-10-25T10:38:55Z,arab groove,0.725,0.919,4,-6.138,0,0.153,0.35,0,0.672,0.928,112.35,4,
7LYkRnxddh6BTp3CrXmofK,3GpAL7oEFD37IJDOOiirqy,Zongamin,Bongo Song,Bongo Song,2006-11-13,314653,25,spotify:user:1124177193,2023-10-30T10:29:34Z,one-person band,0.783,0.929,1,-12.052,0,0.0455,0.000406,0.927,0.0738,0.644,123.687,4,
7DGCdtLFRyBMzy00GT8A9P,7F0XVEpMkzwK3FKbqgJCC7,サンセッツ,カエレ・アンテナ,HEAT SCALE,2006-09-13,292440,2,spotify:user:1124177193,2022-10-24T20:14:00Z,,0.644,0.924,7,-7.426,1,0.0998,0.0514,0.858,0.111,0.964,189.529,4,
4LgVe9WYDVFno8J8f5EeMu,"6NBD5biXYJlWRw0qDMc2dA,2Jap4Uy4Sc37hxhPyiCXkq,0eDlvWC8X1Wdnw4RynnCzW,7int0W9A25VeRQ7q4H7YgQ,7tIjEaCMmi4PAURweFZsvL,3mnDVuybDceeA7nzEkcsXL,3n6OI6gOI1RidwhS54I973,0Mci5dSwCsed2WpoWY6i44","付思超,林墨,利路修,mikah,庆怜,吴宇恒,薛八一,张嘉元",Be Mine - 纯享版,创造营2021第十期 (纯享版),2021-04-24,207272,0,spotify:user:1124177193,2022-09-07T18:17:33Z,chinese talent show,0.658,0.743,11,-5.54,0,0.0399,0.0948,0,0.13,0.429,110.043,4,
,,,Pass It On,,,508000,0,spotify:user:1124177193,2018-05-26T13:56:27Z,,,,,,,,,,,,,,
,,,Uganda,,,336000,0,spotify:user:1124177193,2019-08-10T12:08:43Z,,,,,,,,,,,,,,
,,,The Wings of Honneamise,,,597000,0,spotify:user:1124177193,2019-08-10T12:32:35Z,,,,,,,,,,,,,,
